Season,Team,Conference,Offense Ppa,Offense SuccessRate,Offense Explosiveness,Offense PowerSuccess,Offense StuffRate,Offense LineYards,Offense SecondLevelYards,Offense OpenFieldYards,Offense PointsPerOpportunity,Offense FieldPosition AverageStart,Offense FieldPosition AveragePredictedPoints,Offense Havoc FrontSeven,Offense Havoc Db,Offense StandardDowns Rate,Offense StandardDowns Ppa,Offense StandardDowns SuccessRate,Offense StandardDowns Explosiveness,Offense PassingDowns Rate,Offense PassingDowns Ppa,Offense PassingDowns SuccessRate,Offense PassingDowns Explosiveness,Offense RushingPlays Rate,Offense RushingPlays Ppa,Offense RushingPlays SuccessRate,Offense RushingPlays Explosiveness,Offense PassingPlays Rate,Offense PassingPlays Ppa,Offense PassingPlays SuccessRate,Offense PassingPlays Explosiveness,Defense Ppa,Defense SuccessRate,Defense Explosiveness,Defense PowerSuccess,Defense StuffRate,Defense LineYards,Defense SecondLevelYards,Defense OpenFieldYards,Defense PointsPerOpportunity,Defense FieldPosition AverageStart,Defense FieldPosition AveragePredictedPoints,Defense Havoc Total,Defense Havoc FrontSeven,Defense Havoc Db,Defense StandardDowns Rate,Defense StandardDowns Ppa,Defense StandardDowns SuccessRate,Defense StandardDowns Explosiveness,Defense PassingDowns Rate,Defense PassingDowns Ppa,Defense PassingDowns SuccessRate,Defense PassingDowns Explosiveness,Defense RushingPlays Rate,Defense RushingPlays Ppa,Defense RushingPlays SuccessRate,Defense RushingPlays Explosiveness,Defense PassingPlays Rate,Defense PassingPlays Ppa,Defense PassingPlays SuccessRate,Defense PassingPlays Explosiveness
2021,Air Force,Mountain West,0.280817911,0.456804734,1.184023651,0.797979798,0.112175103,3.427633379,1.058823529,1.181942544,4.318181818,69.8,1.431,0.072189349,0.018934911,0.728994083,0.209368876,0.506493506,0.959133169,0.271005917,0.473012698,0.323144105,2.132210546,0.865088757,0.252864162,0.466484268,1.031868827,0.131360947,0.513721227,0.405405405,2.337019094,0.178030264,0.376311844,1.408220442,0.823529412,0.16918429,2.90060423,0.96978852,1.205438066,3.641509434,72.8,-1.204,0.20089955,0.133433283,0.067466267,0.625187406,0.082644296,0.417266187,1.103621867,0.374812594,0.337134059,0.308,2.096534103,0.496251874,0.170015376,0.371601208,1.189611379,0.497751124,0.201831761,0.385542169,1.618290088
2021,Akron,Mid-American,0.163525781,0.410029499,1.330614811,0.638888889,0.15483871,3.203870968,1.203225806,1.303225806,3.833333333,73.7,1.132,0.18879056,0.039823009,0.660766962,0.115838564,0.473214286,1.125432729,0.339233038,0.256412186,0.286956522,1.989684529,0.457227139,0.160550881,0.409677419,1.122651277,0.539823009,0.176616885,0.412568306,1.505524538,0.42094653,0.552671756,1.250915844,0.842105263,0.127272727,3.820779221,1.628571429,1.963636364,5.515625,70.4,-1.403,0.117557252,0.083969466,0.033587786,0.741984733,0.397439934,0.615226337,1.116094941,0.258015267,0.488545382,0.372781065,1.89078013,0.58778626,0.42549996,0.587012987,1.054227703,0.410687023,0.427736359,0.505576208,1.577765255
2021,Alabama,SEC,0.299162814,0.474485228,1.330936301,0.74025974,0.193675889,3.098814229,1.241106719,1.079051383,4.534653465,71,1.351,0.109221128,0.041181737,0.69740376,0.169423576,0.501925546,1.034547764,0.30259624,0.598177212,0.411242604,2.164662332,0.452999105,0.139172203,0.490118577,0.864646865,0.54610564,0.433591314,0.462295082,1.741006444,0.062393945,0.384050367,1.224717042,0.689655172,0.221176471,2.547058824,0.922352941,0.647058824,3.888888889,73.5,-1.136,0.200944386,0.13798531,0.062959077,0.654774397,0.018898475,0.451923077,1.035713514,0.345225603,0.144889913,0.255319149,1.859228888,0.445960126,-0.00388041,0.383529412,0.830711258,0.552990556,0.117376806,0.385199241,1.541086218
2021,Appalachian State,Sun Belt,0.268794263,0.452751817,1.306883212,0.743243243,0.148698885,3.243122677,1.115241636,1.100371747,4.390804598,69.3,1.468,0.087227414,0.064382139,0.698857736,0.258205096,0.524517088,1.108339023,0.301142264,0.293368434,0.286206897,2.151294043,0.55867082,0.174208416,0.440520446,0.97234775,0.44132918,0.388528818,0.468235294,1.705299818,0.091877547,0.371584699,1.371136629,0.636363636,0.268792711,2.425512528,1.006833713,1.157175399,3.242857143,72.6,-1.214,0.206557377,0.135519126,0.071038251,0.654644809,0.049266591,0.427378965,1.108976252,0.345355191,0.172649581,0.265822785,2.170101588,0.479781421,0.057957976,0.362186788,1.155433692,0.520218579,0.123160512,0.380252101,1.560621529
2021,Arizona,Pac-12,0.033360717,0.380297824,1.169402343,0.722222222,0.179948586,2.88277635,1.005141388,1.043701799,2.559322034,74.7,1.043,0.116838488,0.054982818,0.64604811,-0.059209263,0.45035461,0.887400462,0.35395189,0.202323398,0.252427184,2.087716162,0.44558992,0.071402427,0.40874036,0.885102509,0.549828179,0.040155496,0.360416667,1.430695254,0.222536178,0.417910448,1.337151749,0.732142857,0.17551963,3.079907621,1.127020785,1.357967667,4.603448276,72.8,-1.191,0.168249661,0.107191316,0.061058345,0.675712347,0.153047999,0.467871486,1.040201532,0.324287653,0.367327445,0.313807531,2.259677091,0.587516961,0.15143959,0.436489607,0.988094343,0.408412483,0.361162037,0.395348837,1.891537041
2021,Arizona State,Pac-12,0.301961919,0.494974874,1.201948752,0.861538462,0.136069114,3.621598272,1.457883369,1.416846652,4.242857143,71.2,1.324,0.110552764,0.028894472,0.711055276,0.247544638,0.565371025,0.99843358,0.288944724,0.435875749,0.32173913,2.082014357,0.581658291,0.342958815,0.552915767,1.016972626,0.414572864,0.267668585,0.418181818,1.545092869,0.114916034,0.398816568,1.183043352,0.79245283,0.155606407,2.975057208,1.013729977,0.972540046,3.424657534,72.4,-1.26,0.173964497,0.101775148,0.072189349,0.679289941,0.071237508,0.458188153,1.017939799,0.320710059,0.207430698,0.273062731,1.769830302,0.517159763,0.116038041,0.409610984,0.936081929,0.476923077,0.13896869,0.392059553,1.462828762
2021,Arkansas,SEC,0.272095346,0.444444444,1.285241003,0.795918367,0.180987203,3.282998172,1.383912249,1.574040219,3.607594937,72.6,1.229,0.121212121,0.043771044,0.689113356,0.198521194,0.506514658,1.093422181,0.310886644,0.435180289,0.306859206,1.987072223,0.613916947,0.235430123,0.469835466,1.077263278,0.383838384,0.339899478,0.406432749,1.669775358,0.126312423,0.396571429,1.228492921,0.646153846,0.198294243,2.898933902,0.942430704,0.948827292,3.029411765,71.8,-1.252,0.165142857,0.102285714,0.062857143,0.682285714,0.100436958,0.477386935,1.018033755,0.317714286,0.181879519,0.223021583,2.195926182,0.536,0.0696155,0.411513859,0.92598582,0.461714286,0.197607396,0.381188119,1.607608963
2021,Arkansas State,Sun Belt,0.12801484,0.367262724,1.353303564,0.608695652,0.173745174,2.933976834,1.111969112,1.038610039,3.366666667,74.4,1.11,0.158184319,0.110041265,0.651994498,0.034486163,0.41350211,1.082592418,0.348005502,0.303242479,0.280632411,2.10061884,0.356258597,0.005843699,0.366795367,0.776971841,0.63823934,0.227119038,0.370689655,1.671626319,0.33629351,0.444933921,1.482463351,0.720930233,0.171270718,3.25,1.254143646,2.997237569,4.509090909,71,-1.379,0.193832599,0.12041116,0.073421439,0.684287812,0.275336124,0.502145923,1.243049362,0.315712188,0.4684151,0.320930233,2.294389051,0.531571219,0.359747015,0.464088398,1.31128118,0.465491924,0.321799536,0.425867508,1.695490053
2021,Army,FBS Independents,0.269948491,0.468713105,1.154883933,0.857142857,0.117166213,3.135831063,0.944141689,1.217983651,4.5875,63.6,1.866,0.083825266,0.025974026,0.74498229,0.216322177,0.508716323,0.94608494,0.25501771,0.426606842,0.351851852,2.036784942,0.866587957,0.240449422,0.470027248,1.027835337,0.131050767,0.476825428,0.468468468,1.9978025,0.225409499,0.409217877,1.392323766,0.642857143,0.173295455,2.959943182,1.076704545,1.096590909,3.655172414,71,-1.309,0.171787709,0.107541899,0.06424581,0.673184358,0.18251926,0.470954357,1.17991519,0.326815642,0.313756061,0.282051282,2.122880538,0.491620112,0.193900291,0.397727273,1.212668743,0.501396648,0.26451093,0.426183844,1.556713983
2021,Auburn,SEC,0.209146021,0.436666667,1.267004233,0.714285714,0.177304965,3.153900709,1.278959811,1.574468085,3.851351351,72.3,1.251,0.094444444,0.045555556,0.68,0.161859386,0.491830065,1.067646793,0.32,0.309630122,0.319444444,1.919249773,0.47,0.221277918,0.46572104,1.076337225,0.528888889,0.200373599,0.411764706,1.458644032,0.100889759,0.409041981,1.214511032,0.55,0.234482759,2.622068966,1.020689655,0.908045977,3.521126761,73,-1.186,0.17868676,0.121636168,0.057050592,0.670613563,0.000812763,0.451043339,0.951745649,0.329386437,0.304641289,0.323529412,1.960340049,0.468245425,0.01642842,0.374712644,0.928465718,0.52744887,0.217828794,0.442857143,1.429374563
2021,Ball State,Mid-American,0.111394578,0.403448276,1.215185195,0.75,0.136585366,3.037317073,1.012195122,0.980487805,3.676470588,69.5,1.455,0.091954023,0.05862069,0.672413793,0.079773028,0.456410256,1.031411105,0.327586207,0.176301968,0.294736842,1.799324267,0.471264368,0.133759605,0.404878049,1.032077074,0.524137931,0.115747949,0.405701754,1.379487617,0.23728404,0.49143469,1.084038503,0.797297297,0.129411765,3.272745098,1.062745098,1.1,3.926470588,74.3,-1.123,0.131691649,0.085653105,0.046038544,0.732334047,0.23417828,0.562865497,0.922207759,0.267665953,0.2457814,0.296,1.925995755,0.546038544,0.186390494,0.474509804,0.891951827,0.438972163,0.381705574,0.529268293,1.298254981
2021,Baylor,Big 12,0.280902929,0.456751055,1.322444652,0.742857143,0.160427807,3.335294118,1.315508021,1.721925134,4,68.7,1.495,0.105485232,0.044303797,0.716244726,0.258986199,0.509572901,1.202593877,0.283755274,0.336224341,0.323420074,1.799092561,0.591772152,0.300936234,0.467023173,1.177875189,0.407172996,0.261964713,0.443005181,1.543948741,0.145646984,0.371700106,1.373082104,0.762711864,0.161925602,2.797592998,0.947483589,1.026258206,3.04109589,74,-1.083,0.199577614,0.129883844,0.06969377,0.649419219,0.09925354,0.429268293,1.104790571,0.350580781,0.231586646,0.265060241,2.177956701,0.482576558,0.102544689,0.361050328,1.061762237,0.50686378,0.215594002,0.389583333,1.647776104
2021,Boise State,Mountain West,0.181335093,0.433763189,1.17543518,0.709090909,0.195754717,2.757783019,0.898584906,0.502358491,3.986842105,70.2,1.39,0.104337632,0.046893318,0.68112544,0.056454856,0.48020654,0.902375319,0.31887456,0.448082952,0.334558824,2.012618709,0.497069168,0.05204774,0.426886792,0.828554391,0.502930832,0.309115601,0.440559441,1.507633184,0.121293477,0.381194409,1.269581669,0.659574468,0.197247706,2.918348624,1.029816514,1.084862385,3.262295082,72.8,-1.198,0.166454892,0.105463787,0.060991105,0.66454892,0.066066044,0.4416826,0.979837863,0.33545108,0.230702369,0.261363636,2.23959354,0.554002541,0.088807688,0.389908257,0.92617206,0.442185515,0.221421088,0.373563218,1.718655772
2021,Boston College,ACC,0.17155747,0.412223667,1.258293554,0.627118644,0.22247191,2.782022472,1.015730337,1.195505618,3.59375,72.6,1.232,0.119635891,0.059817945,0.691807542,0.097773541,0.454887218,0.961630539,0.308192458,0.337182157,0.316455696,2.215526213,0.578673602,0.105871918,0.44494382,0.940740471,0.418725618,0.274792143,0.369565217,1.786659187,0.140287742,0.417449664,1.175437073,0.709677419,0.169856459,3.137559809,1.078947368,1.351674641,3.1875,72.2,-1.272,0.148322148,0.091946309,0.056375839,0.706040268,0.067732221,0.469581749,0.909061835,0.293959732,0.314553516,0.292237443,2.203479004,0.561073826,0.106820899,0.447368421,0.864622572,0.438926174,0.183067989,0.379204893,1.644165393
2021,Bowling Green,Mid-American,0.085906453,0.364993216,1.264244986,0.647058824,0.182389937,2.730503145,0.974842767,1.402515723,3.6,69.6,1.408,0.141112619,0.078697422,0.622795115,-0.002378053,0.4291939,0.970282793,0.377204885,0.231671159,0.258992806,2.068558209,0.431478969,0.107222026,0.383647799,1.045856777,0.561736771,0.103619194,0.355072464,1.445492343,0.180869138,0.430825243,1.128502153,0.888888889,0.119760479,3.471856287,1.093812375,0.846307385,4.197183099,68.4,-1.521,0.167475728,0.118932039,0.048543689,0.711165049,0.192202462,0.518771331,0.965834336,0.288834951,0.152964399,0.214285714,2.098129921,0.608009709,0.190404296,0.477045908,0.866736495,0.383495146,0.200888823,0.367088608,1.667829672
2021,Buffalo,Mid-American,0.17213812,0.432941176,1.135298026,0.830985915,0.122621564,3.151374207,0.932346723,0.942917548,3.823529412,74,1.12,0.090588235,0.054117647,0.714117647,0.124943947,0.481054366,0.944194612,0.285882353,0.290026445,0.312757202,1.869537461,0.556470588,0.158123377,0.450317125,0.909825143,0.431764706,0.250176848,0.422343324,1.445141408,0.303457086,0.437751004,1.509099021,0.72,0.156908665,3.164168618,1.391100703,2.379391101,3.671232877,69.3,-1.426,0.18875502,0.143239625,0.045515395,0.681392236,0.18372866,0.463654224,1.26184929,0.318607764,0.559514941,0.382352941,2.150318104,0.571619813,0.306864253,0.451990632,1.336365759,0.424364123,0.352740197,0.422712934,1.757886481
2021,BYU,Big 12,0.347270485,0.496503497,1.314006493,0.78313253,0.163355408,3.302207506,1.291390728,1.55187638,4.238636364,71.5,1.267,0.094405594,0.046620047,0.724941725,0.369377888,0.567524116,1.165703213,0.275058275,0.289004362,0.309322034,2.031144271,0.527972028,0.321163556,0.51214128,1.084778389,0.470862471,0.381777463,0.48019802,1.588134947,0.230240297,0.462242563,1.153687479,0.710144928,0.159550562,3.076853933,1.04494382,1.105617978,4.069444444,73.8,-1.108,0.164759725,0.09382151,0.070938215,0.724256293,0.198227488,0.52764613,1.001942022,0.275743707,0.314323733,0.290456432,1.877730085,0.509153318,0.189283345,0.462921348,0.970463704,0.487414188,0.27995475,0.464788732,1.344314233
2021,California,Pac-12,0.217946836,0.433417085,1.217882668,0.775510204,0.121693122,3.504761905,1.301587302,1.484126984,3.621212121,73.7,1.133,0.079145729,0.050251256,0.683417085,0.184775662,0.496323529,1.040201624,0.316582915,0.289554451,0.297619048,1.857534425,0.474874372,0.261124148,0.486772487,0.973079723,0.51758794,0.202211781,0.390776699,1.497657463,0.161251679,0.427906977,1.234606487,0.836363636,0.131513648,3.224069479,1.138957816,1.012406948,3.014084507,70.7,-1.362,0.161627907,0.088372093,0.073255814,0.672093023,0.099905785,0.480968858,0.953648529,0.327906977,0.286989009,0.319148936,2.102454401,0.468604651,0.140121527,0.456575682,0.931458838,0.520930233,0.227530665,0.410714286,1.537754135
2021,Central Michigan,Mid-American,0.228519342,0.435610302,1.334621409,0.789473684,0.180084746,3.191737288,1.188559322,1.652542373,3.648351648,68.3,1.543,0.104143337,0.060470325,0.652855543,0.182249116,0.499142367,1.048995246,0.347144457,0.315537219,0.316129032,2.182756242,0.528555431,0.150197988,0.444915254,1.002292435,0.464725644,0.366370193,0.431325301,1.724504563,0.174698781,0.407453416,1.298634326,0.709090909,0.185089974,2.84344473,1.097686375,1.277634961,3.956521739,72.6,-1.243,0.21552795,0.142236025,0.073291925,0.655900621,0.179246497,0.482954545,1.105505197,0.344099379,0.166030211,0.263537906,1.973263475,0.483229814,0.127895852,0.419023136,1.045327037,0.511801242,0.269735887,0.400485437,1.548871224
2021,Charlotte,American Athletic,0.222584751,0.437037037,1.307127464,0.693548387,0.188442211,2.966582915,1.070351759,1.155778894,3.916666667,72.2,1.236,0.112345679,0.067901235,0.67037037,0.194351125,0.502762431,1.108858809,0.32962963,0.2800037,0.303370787,1.975366266,0.491358025,0.142823892,0.424623116,1.074960288,0.504938272,0.317975568,0.452322738,1.519215318,0.374098653,0.475195822,1.425894576,0.782608696,0.120930233,3.268372093,1.2,1.823255814,4.379746835,70.1,-1.391,0.137075718,0.08616188,0.050913838,0.699738903,0.282604817,0.514925373,1.21021117,0.300261097,0.587319071,0.382608696,2.102356169,0.561357702,0.285989883,0.469767442,1.17878638,0.437336815,0.489181551,0.48358209,1.734017141
2021,Cincinnati,Big 12,0.303215963,0.483080513,1.26187336,0.84375,0.163218391,3.243218391,1.170114943,1.813793103,4.559139785,66.1,1.7,0.080513419,0.052508751,0.736289382,0.3349939,0.556259905,1.147985871,0.263710618,0.214490838,0.278761062,1.896389374,0.507584597,0.307950365,0.503448276,1.068562911,0.491248541,0.30306583,0.463182898,1.478975865,0.049448128,0.37804878,1.174372843,0.746478873,0.189944134,2.906145251,0.94972067,0.741154562,2.873239437,73.6,-1.145,0.203252033,0.131097561,0.072154472,0.650406504,-0.004123071,0.45,0.905046287,0.349593496,0.149115475,0.244186047,2.097778174,0.545731707,0.060407019,0.404096834,0.876106559,0.454268293,0.036282749,0.346756152,1.591945639
2021,Clemson,ACC,0.118072282,0.396416573,1.251175411,0.75,0.127429806,3.256155508,1.049676026,1.07775378,3.779220779,69.2,1.482,0.097424412,0.0537514,0.67525196,0.034739259,0.446102819,0.960789579,0.32474804,0.291347499,0.293103448,2.170161162,0.518477044,0.146343267,0.423326134,1.010572301,0.477043673,0.100995451,0.370892019,1.549645091,0.039504426,0.346846847,1.222931912,0.727272727,0.2,2.56175,0.795,0.7825,2.309090909,73.9,-1.134,0.195945946,0.122747748,0.073198198,0.621621622,-0.057755249,0.400362319,0.921500712,0.378378378,0.199288178,0.258928571,1.988636455,0.45045045,-0.044136873,0.3375,0.864871619,0.545045045,0.112078143,0.357438017,1.502343123
2021,Coastal Carolina,Sun Belt,0.438211478,0.525557012,1.354137432,0.737704918,0.115555556,3.534666667,1.451111111,1.824444444,4.946666667,70.7,1.349,0.102883355,0.035386632,0.74180865,0.360248583,0.558303887,1.196201661,0.25819135,0.662206395,0.431472081,1.941286884,0.589777195,0.337747934,0.504444444,1.14393527,0.408912189,0.585757372,0.557692308,1.628366689,0.160654423,0.408854167,1.310229209,0.72,0.153452685,2.973913043,1.028132992,1.294117647,4.035714286,73.4,-1.141,0.188802083,0.131510417,0.057291667,0.67578125,0.102986362,0.472061657,1.056054229,0.32421875,0.280854117,0.277108434,2.212734574,0.509114583,0.174199483,0.432225064,1.032151565,0.483072917,0.209193169,0.39083558,1.634333498
2021,Colorado,Pac-12,0.09206198,0.368035191,1.120797657,0.769230769,0.18814433,2.788917526,0.994845361,0.889175258,3.822222222,71.8,1.267,0.131964809,0.065982405,0.662756598,0.044761626,0.446902655,0.886557714,0.337243402,0.185017457,0.213043478,2.08643987,0.568914956,0.067732399,0.422680412,0.834348662,0.429618768,0.129955777,0.296928328,1.660770475,0.233660427,0.446362515,1.278758584,0.793650794,0.182044888,3.24638404,1.359102244,1.284289277,3.736842105,70.6,-1.356,0.143033292,0.091245376,0.051787916,0.663378545,0.122565703,0.492565056,1.004961791,0.336621455,0.452594351,0.355311355,2.026760133,0.494451295,0.208816723,0.476309227,1.016705374,0.50431566,0.277018039,0.41809291,1.571461292
2021,Colorado State,Mountain West,0.164544401,0.398058252,1.226241951,0.711111111,0.151111111,3.006444444,0.986666667,0.835555556,3.164179104,69.8,1.386,0.104368932,0.076456311,0.660194175,0.114111292,0.454044118,1.029190805,0.339805825,0.262528726,0.289285714,1.827126308,0.546116505,0.0570814,0.38,0.839885902,0.452669903,0.294678769,0.420911528,1.64705013,0.158293726,0.365079365,1.361781659,0.717391304,0.20631068,2.932524272,1.067961165,1.199029126,3.73015873,71.7,-1.335,0.17989418,0.128306878,0.051587302,0.656084656,0.08190997,0.413306452,1.140687424,0.343915344,0.304010428,0.273076923,2.000152339,0.544973545,0.118028113,0.393203883,1.05703812,0.453703704,0.219972832,0.332361516,1.794838267
2021,Connecticut,FBS Independents,-0.007881926,0.309459459,1.355014751,0.526315789,0.2125,2.685625,1.06875,0.978125,2.96,71.5,1.279,0.159459459,0.102702703,0.609459459,-0.103272984,0.361419069,1.054199454,0.390540541,0.140980937,0.228373702,2.097937378,0.432432432,0.026636582,0.378125,1.058519868,0.562162162,-0.026112491,0.259615385,1.687198833,0.254701165,0.459796149,1.199186409,0.792207792,0.158995816,3.164853556,1.056485356,0.962343096,4.422222222,67.4,-1.646,0.138165345,0.084937712,0.053227633,0.718006795,0.170144841,0.517350158,0.973947279,0.281993205,0.46999719,0.313253012,2.146345826,0.541336353,0.176121029,0.481171548,0.895547718,0.457531144,0.349265674,0.435643564,1.595986971
2021,Duke,ACC,0.156628341,0.42139738,1.204908149,0.736842105,0.129098361,3.187704918,1.036885246,1.258196721,3.069444444,71.4,1.269,0.112991266,0.045851528,0.680131004,0.135287395,0.48635634,1.040075897,0.319868996,0.202005165,0.283276451,1.806645165,0.532751092,0.114161062,0.411885246,1.032714838,0.459606987,0.249043289,0.439429929,1.391993855,0.379872187,0.472093023,1.405186854,0.803571429,0.140311804,3.335857461,1.273942094,1.706013363,4.76744186,72.2,-1.245,0.161627907,0.096511628,0.065116279,0.679069767,0.259306411,0.506849315,1.122527451,0.320930233,0.63498238,0.398550725,2.165797609,0.522093023,0.257477427,0.487750557,1.004066855,0.46744186,0.556653056,0.465174129,1.874947707
2021,East Carolina,American Athletic,0.188582052,0.409817352,1.35792734,0.680555556,0.218894009,2.734331797,0.993087558,1.451612903,3.649350649,70.5,1.362,0.11586758,0.074200913,0.676940639,0.151855308,0.463743676,1.125852917,0.323059361,0.265539507,0.296819788,2.117694794,0.49543379,0.096166296,0.400921659,1.064709545,0.503424658,0.280045451,0.419501134,1.633710564,0.189882909,0.398467433,1.390594536,0.697674419,0.19379845,2.994056848,1.19379845,1.687338501,3.696969697,72.5,-1.208,0.186462324,0.106002554,0.08045977,0.66155811,0.170177217,0.463320463,1.162131846,0.33844189,0.22840196,0.271698113,2.152136833,0.494252874,0.177376664,0.426356589,1.102207705,0.504469987,0.207790254,0.372151899,1.714294039
2021,Eastern Michigan,Mid-American,0.189174954,0.442542787,1.231625586,0.7,0.149295775,2.987605634,0.952112676,0.912676056,4.232876712,69.7,1.397,0.113080685,0.064792176,0.701711491,0.10143427,0.494773519,0.984808455,0.298288509,0.395581316,0.319672131,2.130293088,0.43398533,0.102733908,0.411267606,0.960930956,0.5599022,0.278028583,0.471615721,1.414595105,0.28431812,0.504807692,1.17172765,0.85,0.077777778,3.638444444,1.235555556,1.362222222,4.1,71.3,-1.298,0.143028846,0.080528846,0.0625,0.717548077,0.289935353,0.569514238,0.998457641,0.282451923,0.270047957,0.340425532,1.908125188,0.540865385,0.267662009,0.535555556,0.909326589,0.456730769,0.316403957,0.471052632,1.525016228
2021,Florida,SEC,0.257784915,0.467475193,1.294356957,0.711864407,0.14884696,3.357651992,1.318658281,1.626834382,4.107142857,71.6,1.303,0.087100331,0.072767365,0.705622933,0.23386471,0.5359375,1.08157315,0.294377067,0.315121734,0.303370787,2.195404437,0.525909592,0.24228978,0.467505241,1.060374591,0.466372657,0.345269033,0.475177305,1.553949333,0.154087506,0.410817031,1.239046151,0.666666667,0.16027088,3.145146727,1.167042889,1.498871332,3.732394366,71.1,-1.301,0.162255466,0.105868815,0.056386651,0.682393556,0.098137137,0.465430017,1.05116882,0.317606444,0.274299713,0.293478261,1.879220757,0.509781358,0.147063185,0.44469526,0.969009896,0.48561565,0.178140218,0.379146919,1.571528289
2021,Florida Atlantic,American Athletic,0.197249205,0.414165666,1.333127624,0.75,0.175609756,3.04,1.112195122,1.148780488,3.651515152,71.7,1.311,0.116446579,0.056422569,0.677070828,0.147251973,0.475177305,1.111965664,0.322929172,0.302076115,0.286245353,2.102886136,0.492196879,0.181374638,0.424390244,1.037278947,0.49939976,0.250998667,0.411057692,1.634166629,0.175317543,0.395180723,1.293823964,0.693877551,0.171497585,2.816908213,1.026570048,1.541062802,3.38028169,72.3,-1.249,0.169879518,0.095180723,0.074698795,0.660240964,0.153770033,0.467153285,1.081840236,0.339759036,0.21719001,0.255319149,2.047543886,0.498795181,0.163859926,0.38647343,1.186227871,0.495180723,0.212900934,0.408759124,1.396296434
2021,Florida International,Conference USA,0.117653155,0.363636364,1.415656664,0.68,0.162790698,2.876744186,0.891472868,0.511627907,2.355555556,72.8,1.211,0.145797599,0.118353345,0.653516295,0.041918472,0.406824147,1.140198194,0.346483705,0.260499267,0.282178218,2.164710399,0.442538593,-0.001696148,0.391472868,0.722854428,0.550600343,0.24207982,0.345794393,2.046044284,0.383704167,0.508270677,1.223843467,0.8,0.131367292,3.646380697,1.284182306,1.581769437,4.731343284,72.8,-1.254,0.145864662,0.09924812,0.046616541,0.720300752,0.367300912,0.5782881,1.040628104,0.279699248,0.425946959,0.327956989,2.055821426,0.560902256,0.321077283,0.512064343,0.987711435,0.437593985,0.471829264,0.505154639,1.530654475
2021,Florida State,ACC,0.224461537,0.408974359,1.351441841,0.625,0.159313725,3.334803922,1.389705882,1.914215686,4.387096774,74.4,1.12,0.128205128,0.051282051,0.679487179,0.135050066,0.458490566,1.098093492,0.320512821,0.414013856,0.304,2.16148985,0.523076923,0.216024356,0.428921569,1.123224449,0.469230769,0.261522404,0.393442623,1.628789365,0.137401349,0.387470998,1.357000987,0.711538462,0.175,2.941590909,0.986363636,0.843181818,3.352112676,68.5,-1.565,0.182134571,0.114849188,0.067285383,0.647331787,0.032444431,0.421146953,1.032501726,0.352668213,0.330052534,0.325657895,2.12727701,0.510440835,0.034670371,0.384090909,0.933091578,0.479118329,0.303218301,0.399515738,1.791186987
2021,Fresno State,Mountain West,0.249513171,0.475479744,1.23633857,0.658536585,0.180246914,2.854814815,1.059259259,1.209876543,3.864583333,69.9,1.428,0.08901919,0.05010661,0.718550107,0.195685963,0.520771513,1.039450031,0.281449893,0.386935665,0.359848485,1.963789908,0.431769723,0.062299486,0.451851852,0.867717663,0.568230277,0.391767472,0.493433396,1.492831444,0.08203879,0.37132785,1.310095953,0.677966102,0.202863962,2.786634845,0.997613365,0.978520286,3.535211268,72.4,-1.242,0.198589894,0.12573443,0.072855464,0.661574618,0.003129545,0.428063943,1.044403506,0.338425382,0.236295405,0.260416667,2.163854351,0.492361927,0.047625209,0.400954654,0.944523362,0.506462985,0.119844991,0.343387471,1.725070246
2021,Georgia,SEC,0.301756507,0.495268139,1.248188033,0.753424658,0.151228733,3.381663516,1.313799622,1.43289225,4.69,69.2,1.473,0.068349106,0.050473186,0.735015773,0.24022944,0.533619456,1.06232702,0.264984227,0.47242087,0.388888889,1.955597809,0.556256572,0.205713949,0.50094518,0.884675421,0.443743428,0.422151087,0.488151659,1.715813481,-0.044713343,0.322614108,1.233229283,0.634615385,0.211678832,2.65377129,0.839416058,0.452554745,1.866666667,74.5,-1.062,0.202282158,0.121369295,0.080912863,0.616182573,-0.120452304,0.367003367,0.962156563,0.383817427,0.076878394,0.251351351,1.868647058,0.426348548,-0.015941301,0.343065693,0.86850653,0.572614108,-0.062578746,0.307971014,1.535734625
2021,Georgia Southern,Sun Belt,0.093680861,0.34859675,1.35278514,0.75,0.176190476,2.81547619,0.995238095,1.585714286,2.808510638,71.8,1.269,0.147710487,0.085672083,0.64254062,0.042106304,0.406896552,1.123118245,0.35745938,0.186387193,0.243801653,2.041785825,0.620384047,0.164414485,0.366666667,1.320836526,0.372230428,0.040202169,0.325396825,1.412786194,0.287278995,0.43977591,1.374034442,0.783783784,0.131428571,3.335428571,1.214285714,1.2,3.71641791,71.2,-1.366,0.191876751,0.12605042,0.065826331,0.680672269,0.213521642,0.495884774,1.123979448,0.319327731,0.444498617,0.320175439,2.199558463,0.490196078,0.195150486,0.442857143,1.013160116,0.504201681,0.412212726,0.441666667,1.725830169
2021,Georgia State,Sun Belt,0.239822861,0.466575716,1.153312334,0.766666667,0.134490239,3.315401302,1.106290672,1.37527115,4.540983607,74,1.118,0.113233288,0.057298772,0.72851296,0.250273984,0.529962547,1.015459971,0.27148704,0.21177814,0.296482412,1.814536379,0.628922237,0.23659277,0.48373102,0.988818815,0.366984993,0.280308765,0.442379182,1.461564895,0.20540263,0.407170294,1.334729349,0.796296296,0.164141414,2.895454545,0.914141414,0.828282828,3.552238806,70.1,-1.377,0.21318822,0.142765685,0.070422535,0.659411012,0.112964712,0.454368932,1.043095829,0.340588988,0.384370778,0.315789474,2.14713701,0.507042254,0.107933911,0.401515152,0.977449276,0.490396927,0.313286726,0.415143603,1.692009421
2021,Georgia Tech,ACC,0.128525498,0.395714286,1.287872845,0.775,0.162087912,3.127472527,1.167582418,1.958791209,3.237288136,70.7,1.327,0.125714286,0.061428571,0.665714286,0.123371373,0.472103004,1.070516177,0.334285714,0.138789697,0.243589744,2.126793316,0.52,0.102360289,0.398351648,1.070919968,0.475714286,0.174473779,0.396396396,1.526192292,0.303832702,0.472295515,1.30699917,0.653846154,0.140142518,3.29263658,1.095011876,1.256532067,4.228571429,70.9,-1.335,0.139841689,0.102902375,0.036939314,0.726912929,0.205884903,0.511796733,1.082960551,0.273087071,0.564553656,0.367149758,2.138300362,0.555408971,0.112404243,0.463182898,0.904368659,0.441952507,0.563253189,0.486567164,1.788673707
2021,Hawai'i,Mountain West,0.191100529,0.419480519,1.318621591,0.764705882,0.196319018,3.096625767,1.196319018,1.647239264,3.434782609,71.2,1.342,0.155844156,0.098701299,0.662337662,0.113260859,0.474509804,0.994714975,0.337662338,0.343786035,0.311538462,2.286342592,0.423376623,0.220611537,0.475460123,0.998868025,0.568831169,0.210214132,0.383561644,1.613632322,0.159401968,0.430604982,1.296220913,0.784615385,0.19035533,2.767766497,1.030456853,0.992385787,3.256756757,68.6,-1.514,0.196915777,0.117437722,0.079478055,0.682087782,0.084814546,0.462608696,1.082474632,0.317912218,0.319430951,0.361940299,1.88237051,0.46737841,0.07177882,0.416243655,0.9745793,0.53143535,0.245626265,0.444196429,1.561292394
2021,Houston,Big 12,0.222535085,0.424148607,1.378092413,0.661538462,0.233820459,2.750939457,1.100208768,1.175365344,4.445652174,66.7,1.667,0.118679051,0.054695562,0.684210526,0.083042925,0.461538462,1.056636789,0.315789474,0.524768098,0.343137255,2.314905947,0.494324045,0.092713971,0.382045929,1.07408603,0.505675955,0.349441847,0.465306122,1.622097537,0.051857513,0.346289753,1.354560851,0.647058824,0.191919192,2.608333333,0.931818182,1.136363636,3.35483871,72.5,-1.204,0.214369847,0.142520612,0.071849234,0.643109541,-0.032879008,0.408424908,1.071581672,0.356890459,0.204551044,0.234323432,2.243354612,0.466431095,0.055825439,0.368686869,1.033521727,0.528857479,0.073001229,0.329621381,1.671261609
2021,Illinois,Big Ten,0.113169747,0.39038687,1.151660661,0.862745098,0.120408163,3.354693878,1.130612245,1.171428571,3.158730159,72,1.247,0.087924971,0.069167644,0.660023447,0.126885539,0.468916519,0.981106504,0.339976553,0.086542193,0.237931034,1.804215699,0.574443142,0.14734173,0.43877551,0.87804926,0.422039859,0.085224508,0.327777778,1.650189908,0.179912674,0.433179724,1.083636878,0.761904762,0.1,3.217173913,1.07173913,0.793478261,3.338235294,74,-1.139,0.153225806,0.094470046,0.05875576,0.695852535,0.173597462,0.503311258,0.934476956,0.304147465,0.194361113,0.272727273,1.713423214,0.529953917,0.138582392,0.452173913,0.822924465,0.464285714,0.256582615,0.416873449,1.406423674
2021,Indiana,Big Ten,0.031809509,0.361077111,1.167270192,0.796296296,0.1725,2.71275,0.79,0.7575,3.442307692,74,1.066,0.106487148,0.077111383,0.654834761,-0.00781985,0.422429907,0.963643097,0.345165239,0.106992868,0.244680851,1.834222707,0.489596083,0.063321334,0.395,0.89272687,0.503059976,0.018909176,0.333333333,1.483896797,0.212320269,0.457354759,1.132049583,0.793650794,0.160583942,2.993673966,0.99026764,0.934306569,4.443037975,68.1,-1.546,0.137206428,0.079110012,0.058096415,0.693448702,0.128882012,0.506238859,0.89512424,0.306551298,0.401065682,0.346774194,1.914454205,0.508034611,0.126882959,0.454987835,0.852571172,0.487021014,0.353950326,0.464467005,1.417636811
2021,Iowa,Big Ten,0.046341333,0.366480447,1.194412447,0.696428571,0.22008547,2.633333333,0.94017094,0.976495726,3,66.6,1.663,0.124022346,0.05027933,0.653631285,-0.027506637,0.413675214,0.958309877,0.346368715,0.185699598,0.277419355,1.858794097,0.522905028,0.02187705,0.386752137,0.895114326,0.477094972,0.073154645,0.344262295,1.562935984,0.075086805,0.37710084,1.145763668,0.714285714,0.159827214,2.811663067,0.747300216,0.47300216,3.90625,75.2,-1.048,0.158613445,0.080882353,0.077731092,0.665966387,-0.01300403,0.427444795,0.864727747,0.334033613,0.250714443,0.27672956,2.011226558,0.486344538,0.035831298,0.39524838,0.762559956,0.509453782,0.13167927,0.362886598,1.544208436
2021,Iowa State,Big 12,0.258266345,0.442893401,1.282674044,0.638297872,0.196022727,3.053125,1.076704545,2.269886364,4.098591549,72,1.288,0.101522843,0.046954315,0.689086294,0.237173718,0.513812155,1.104804639,0.310913706,0.305014494,0.285714286,1.991610671,0.446700508,0.174467925,0.414772727,1.141795241,0.549492386,0.345283592,0.468822171,1.383995745,0.164572691,0.412080537,1.250257314,0.7,0.186046512,3.013178295,1.059431525,0.958656331,3.736842105,71.1,-1.295,0.191946309,0.13557047,0.056375839,0.703355705,0.053432006,0.459923664,0.970338884,0.296644295,0.428091779,0.298642534,2.272383702,0.519463087,0.087236215,0.42377261,0.926325987,0.480536913,0.248173853,0.399441341,1.621758975
2021,Jacksonville State,Conference USA,0.001945731,0.352,1.14546396,1,0.081632653,3.008163265,0.959183673,0.142857143,2.8,71.1,1.348,0.232,0.144,0.56,-0.208241583,0.414285714,0.606611553,0.44,0.269456858,0.272727273,2.187245279,0.392,0.146527067,0.489795918,0.816934452,0.608,-0.091271183,0.263157895,1.539699369,0.350058385,0.503937008,1.212731792,0.888888889,0.112676056,3.502816901,1.267605634,0.577464789,3.727272727,72.7,-1.255,0.204724409,0.157480315,0.047244094,0.692913386,0.133354502,0.5,0.868904986,0.307086614,0.839031249,0.512820513,1.969150766,0.559055118,0.156520407,0.464788732,0.804917777,0.433070866,0.638213618,0.563636364,1.646856389
2021,Kansas,Big 12,0.1247947,0.387399464,1.242228138,0.62,0.162291169,2.933651551,0.863961814,0.952267303,3.789473684,69.9,1.329,0.108579088,0.061662198,0.684986595,0.072961087,0.4481409,0.989209398,0.315013405,0.237505238,0.255319149,2.20791633,0.561662198,0.07339172,0.38424821,0.930297765,0.428954424,0.254397047,0.4,1.634578059,0.436475849,0.545226131,1.246500233,0.794520548,0.100840336,3.883403361,1.527310924,1.74789916,5.047058824,68.9,-1.471,0.114321608,0.076633166,0.037688442,0.756281407,0.375127216,0.593023256,1.087765704,0.243718593,0.62684635,0.396907216,1.982451231,0.59798995,0.391238453,0.558823529,1.060428922,0.395728643,0.564177422,0.533333333,1.541113142
2021,Kansas State,Big 12,0.295281445,0.474393531,1.242931388,0.830188679,0.13202934,3.373349633,1.290953545,1.557457213,4.029411765,68.8,1.501,0.118598383,0.04851752,0.698113208,0.252660823,0.554054054,1.039125635,0.301886792,0.393841633,0.290178571,2.142812174,0.551212938,0.252684173,0.503667482,0.961316161,0.442048518,0.395056038,0.445121951,1.640278899,0.216963058,0.410411622,1.293126929,0.731343284,0.15,2.902619048,0.871428571,1.116666667,3.277777778,72.4,-1.22,0.180387409,0.129539952,0.050847458,0.681598063,0.181245832,0.463587922,1.123218217,0.318401937,0.293422366,0.296577947,1.861667617,0.508474576,0.137049633,0.392857143,1.025591468,0.481840194,0.336848493,0.43718593,1.546824349
2021,Kent State,Mid-American,0.294855987,0.499482937,1.204652261,0.811594203,0.143119266,3.59412844,1.504587156,1.752293578,3.595744681,70.6,1.343,0.117890383,0.04860393,0.720785936,0.277759352,0.56527977,1.034899202,0.279214064,0.338990632,0.32962963,1.956143335,0.563598759,0.341296336,0.526605505,1.050361692,0.433298862,0.245640133,0.46778043,1.430577738,0.29698886,0.484,1.281181257,0.681318681,0.154285714,3.376190476,1.192380952,1.558095238,4.431578947,68.4,-1.523,0.153,0.088,0.065,0.71,0.227877846,0.525352113,1.076437917,0.29,0.466191687,0.382758621,1.969192661,0.525,0.265359734,0.487619048,1.092342308,0.467,0.364792873,0.488222698,1.493210953
2021,Kentucky,SEC,0.257414426,0.50117096,1.187044089,0.74137931,0.131465517,3.593318966,1.411637931,1.452586207,4.876712329,72.3,1.246,0.091334895,0.06206089,0.731850117,0.191722284,0.544,1.025201512,0.268149883,0.436705208,0.384279476,1.812344955,0.543325527,0.261388249,0.525862069,0.968798569,0.451990632,0.27650389,0.476683938,1.476456628,0.153201278,0.440874036,1.141797852,0.772727273,0.202702703,2.882702703,1.116216216,1.1,3.606060606,72.7,-1.212,0.176092545,0.114395887,0.061696658,0.677377892,0.131536352,0.516129032,0.943008784,0.322622108,0.19868899,0.282868526,1.903355971,0.475578406,0.045463602,0.413513514,0.821327504,0.520565553,0.282989568,0.469135802,1.399860816
2021,Liberty,Conference USA,0.286402239,0.454648526,1.389341482,0.821428571,0.109865471,3.622421525,1.399103139,1.616591928,4.56626506,71.5,1.343,0.108843537,0.062358277,0.692743764,0.272056704,0.515548282,1.159996606,0.307256236,0.318745863,0.317343173,2.22938376,0.505668934,0.307837515,0.513452915,1.073797596,0.485260771,0.2857539,0.401869159,1.809455144,0.107594536,0.399087799,1.146970394,0.705882353,0.117768595,3.174793388,0.969008264,0.847107438,3.617647059,70.8,-1.334,0.177879133,0.120866591,0.057012543,0.676168757,0.027981826,0.453625632,0.900206915,0.323831243,0.273828116,0.285211268,1.96646886,0.551881414,0.121661293,0.429752066,0.889688919,0.441277081,0.126689494,0.366925065,1.5238334
2021,Louisiana,Sun Belt,0.236195571,0.452830189,1.257328758,0.671641791,0.181086519,3.119517103,1.175050302,1.418511066,4.134146341,69.1,1.499,0.110987791,0.042175361,0.704772475,0.171515688,0.507086614,1.050506075,0.295227525,0.390600553,0.323308271,2.031711362,0.551609323,0.214663657,0.46277666,1.043899432,0.448390677,0.262684088,0.440594059,1.533108223,0.163445039,0.382180539,1.400007134,0.69047619,0.147126437,3.32045977,1.144827586,1.156321839,3.19047619,72.3,-1.244,0.195779601,0.121922626,0.073856975,0.630715123,0.029567872,0.423791822,1.04993447,0.369284877,0.392098738,0.311111111,2.214461903,0.50996483,0.190784882,0.418390805,1.079189253,0.483001172,0.168570752,0.349514563,1.805485289
2021,Louisiana Monroe,Sun Belt,0.102865197,0.354248366,1.340970149,0.727272727,0.229468599,2.576570048,0.876811594,0.88647343,3.396551724,71.6,1.274,0.158169935,0.047058824,0.640522876,-0.07425074,0.381632653,0.915461474,0.359477124,0.418453594,0.305454545,2.288233508,0.541176471,0.026859696,0.3647343,0.986609398,0.45620915,0.198604349,0.343839542,1.786874094,0.282270141,0.468193384,1.261899003,0.692307692,0.13164557,3.444050633,1.235443038,1.050632911,4.337662338,70.8,-1.352,0.152671756,0.095419847,0.057251908,0.720101781,0.230933323,0.530035336,1.074905996,0.279898219,0.414345773,0.309090909,2.08686815,0.502544529,0.182461642,0.460759494,0.972955672,0.496183206,0.389084739,0.476923077,1.544628498
2021,Louisiana Tech,Conference USA,0.177424034,0.413212435,1.330203691,0.714285714,0.181058496,2.914763231,0.983286908,0.883008357,3.698630137,69.4,1.444,0.10492228,0.07253886,0.703367876,0.102196162,0.445672192,1.15754864,0.296632124,0.355802789,0.336244541,1.872833853,0.465025907,0.05218556,0.384401114,0.994366003,0.524611399,0.32717277,0.44691358,1.586256736,0.258497572,0.459295261,1.245714673,0.785714286,0.161803714,3.315649867,1.198938992,1.371352785,4.328767123,71,-1.369,0.151883354,0.102065614,0.04981774,0.691373026,0.186538607,0.518453427,0.991074583,0.308626974,0.419696987,0.326771654,2.150760775,0.458080194,0.24150887,0.453580902,1.106374326,0.538274605,0.285554399,0.467268623,1.360821916
2021,Louisville,ACC,0.308003108,0.442105263,1.420539551,0.680851064,0.180497925,3.232365145,1.288381743,1.796680498,4.454545455,71.4,1.314,0.092397661,0.047953216,0.701754386,0.230680866,0.481666667,1.231158539,0.298245614,0.489937796,0.349019608,2.035495872,0.56374269,0.247083595,0.435684647,1.191896409,0.435087719,0.387311227,0.451612903,1.706343479,0.242178519,0.428410372,1.331308469,0.74137931,0.168202765,3.314746544,1.311059908,1.184331797,4.208333333,71.4,-1.299,0.16572717,0.103720406,0.062006764,0.675310034,0.190926231,0.489148581,1.094187137,0.324689966,0.34877616,0.302083333,2.129889509,0.489289741,0.237841146,0.460829493,1.07435029,0.509582864,0.246519686,0.398230088,1.616817558
2021,LSU,SEC,0.178984677,0.407017544,1.300564159,0.711538462,0.172069825,2.930174564,0.900249377,0.775561097,4.25,72.2,1.269,0.100584795,0.07251462,0.671345029,0.127243774,0.459930314,1.113787789,0.328654971,0.284676059,0.298932384,1.887575609,0.469005848,0.051931093,0.391521197,0.892001076,0.530994152,0.291206015,0.420704846,1.636398735,0.175098628,0.419501134,1.334511666,0.744186047,0.224824356,2.853864169,1.074941452,1.295081967,4.02739726,70.8,-1.357,0.173469388,0.123582766,0.049886621,0.648526077,0.032134298,0.463286713,0.975631957,0.351473923,0.438890876,0.338709677,2.240255693,0.484126984,0.070034775,0.416861827,0.988504149,0.515873016,0.273697013,0.421978022,1.655289469
2021,Marshall,Sun Belt,0.215940084,0.464125561,1.180278913,0.729411765,0.151079137,2.999760192,1.028776978,1.424460432,4.219178082,70.4,1.399,0.082959641,0.058295964,0.715246637,0.184849767,0.529780564,0.978098967,0.284753363,0.294033086,0.299212598,2.07944762,0.467488789,0.228320561,0.496402878,1.034317581,0.523542601,0.242599745,0.44111349,1.320080758,0.151622372,0.417177914,1.219650698,0.867647059,0.158088235,3.126286765,1.053308824,1.454044118,3.232876712,71.2,-1.359,0.166666667,0.113496933,0.053169734,0.674846626,0.120526476,0.484848485,0.994906078,0.325153374,0.216161025,0.27672956,2.03690386,0.556237219,0.16543974,0.446691176,0.9919205,0.440695297,0.145107735,0.382830626,1.55503517
2021,Maryland,Big Ten,0.235492086,0.477124183,1.192020745,0.707317073,0.176470588,3.053186275,1.12254902,1.12254902,3.797619048,72.1,1.24,0.09912854,0.045751634,0.722222222,0.168552506,0.538461538,0.986189982,0.277777778,0.409534991,0.317647059,2.099200775,0.444444444,0.122387281,0.468137255,0.886076816,0.554466231,0.329525369,0.485265226,1.428600869,0.19735424,0.432852386,1.259061723,0.731343284,0.158458244,3.025053533,1.055674518,0.822269807,3.813953488,69.4,-1.431,0.143174251,0.084350721,0.058823529,0.689234184,0.112881182,0.484702093,1.01887763,0.310765816,0.384703417,0.317857143,2.071369722,0.518312986,0.134548854,0.456102784,0.898831653,0.480577137,0.269437512,0.408775982,1.692558926
2021,Memphis,American Athletic,0.242425033,0.421985816,1.401585966,0.76,0.169761273,2.962068966,0.976127321,1.098143236,3.649350649,71.4,1.311,0.095744681,0.076832151,0.650118203,0.125045042,0.472727273,1.073155359,0.349881797,0.460529745,0.327702703,2.281915429,0.445626478,0.137911989,0.424403183,1.034657067,0.554373522,0.326436584,0.420042644,1.699599285,0.216343204,0.433260394,1.252294283,0.734177215,0.121412804,3.260706402,1.006622517,1.013245033,3.815789474,69.8,-1.369,0.15536105,0.088621444,0.066739606,0.715536105,0.122080919,0.46941896,1.009236483,0.284463895,0.453449106,0.342307692,2.090707144,0.495623632,0.178229375,0.441501104,1.000853391,0.502188184,0.271725853,0.427015251,1.508866622
2021,Miami,ACC,0.223241002,0.420654912,1.356452578,0.642857143,0.226586103,2.611782477,0.978851964,0.96978852,4.144927536,72.3,1.238,0.120906801,0.075566751,0.666246851,0.07605363,0.45557656,1.047238768,0.333753149,0.517060321,0.350943396,2.15774858,0.416876574,0.032175471,0.413897281,0.90641228,0.578085642,0.381913185,0.4291939,1.669424765,0.20013901,0.407313997,1.376011547,0.764705882,0.205405405,2.884594595,1.2,1.551351351,4.412698413,71.7,-1.268,0.184110971,0.132408575,0.051702396,0.648171501,0.104682612,0.470817121,1.068937577,0.351828499,0.375997752,0.290322581,2.293442421,0.466582598,0.127779909,0.42972973,1.074010879,0.532156368,0.274651663,0.388625592,1.668804878
2021,Miami (OH),Mid-American,0.230648199,0.404341927,1.391811093,0.820512821,0.164345404,3.040389972,1.038997214,1.075208914,3.825396825,72.4,1.255,0.093622795,0.074626866,0.645861601,0.151598818,0.443277311,1.152488854,0.354138399,0.374814885,0.333333333,1.972236295,0.487109905,0.122430271,0.389972145,1.001182437,0.510176391,0.336435887,0.420212766,1.737937751,0.20928689,0.426966292,1.312117396,0.84,0.135135135,3.154054054,1.059459459,1.864864865,3.745454545,70.9,-1.342,0.231039326,0.163623596,0.06741573,0.675561798,0.169765462,0.503118503,1.027860789,0.324438202,0.291580428,0.268398268,2.421635123,0.519662921,0.214259091,0.421621622,1.107456405,0.473314607,0.241239677,0.439169139,1.527841144
2021,Michigan,Big Ten,0.271336597,0.464135021,1.237177731,0.8,0.130909091,3.211636364,1.08,1.538181818,4.153846154,68.9,1.498,0.051687764,0.052742616,0.717299578,0.183188159,0.502941176,0.990338856,0.282700422,0.49499681,0.365671642,2.098595026,0.580168776,0.239790668,0.494545455,0.984117386,0.419831224,0.314930216,0.422110553,1.64689448,0.104858887,0.374463519,1.237391231,0.642857143,0.167785235,2.780089485,0.836689038,1.024608501,3.033333333,73.9,-1.102,0.165236052,0.097639485,0.067596567,0.669527897,0.077145607,0.434294872,1.027670816,0.330472103,0.161005273,0.253246753,1.966035234,0.479613734,0.034460986,0.378076063,0.903219105,0.520386266,0.169741076,0.371134021,1.551141726
2021,Michigan State,Big Ten,0.259898531,0.433918129,1.400862291,0.678571429,0.186788155,2.952164009,1.207289294,1.651480638,3.777777778,70.7,1.36,0.102923977,0.073684211,0.684210526,0.212418506,0.487179487,1.197779942,0.315789474,0.362771918,0.318518519,2.073867748,0.513450292,0.181362485,0.444191344,1.100054038,0.483040936,0.357585298,0.423728814,1.735808773,0.194858545,0.446640316,1.213429796,0.721518987,0.163316583,2.842462312,0.914572864,0.932160804,3.428571429,74.5,-1.092,0.165513834,0.102272727,0.063241107,0.68083004,0.109566026,0.506531205,0.978875998,0.31916996,0.376798314,0.318885449,2.008180045,0.393280632,0.086200214,0.427135678,0.869248081,0.605731225,0.267484032,0.460032626,1.420915227
2021,Middle Tennessee,Conference USA,0.104903811,0.376026273,1.315815624,0.586206897,0.181818182,3.064363636,1.076363636,1.018181818,4.083333333,68.6,1.489,0.174055829,0.087027915,0.661740558,0.046915874,0.439205955,1.07284445,0.338259442,0.218346231,0.252427184,2.142852119,0.451559934,0.062063692,0.389090909,1.029363236,0.541871921,0.175323434,0.36969697,1.567048455,0.140947421,0.409495549,1.284784142,0.717948718,0.135416667,3.364236111,1.246527778,1.361111111,3.65,70.8,-1.344,0.275964392,0.164688427,0.111275964,0.654302671,0.100281709,0.462585034,1.063490718,0.345697329,0.217915571,0.309012876,1.911782177,0.427299703,0.113855598,0.465277778,0.927305546,0.556379822,0.24967375,0.378666667,1.622123099
2021,Minnesota,Big Ten,0.187793642,0.423848878,1.176979711,0.789473684,0.136915078,3.155979203,1.006932409,0.989601386,3.734939759,68,1.569,0.089138135,0.054309327,0.714285714,0.125720859,0.472727273,0.967094629,0.285714286,0.342975601,0.301652893,1.99926921,0.681227863,0.129213609,0.431542461,0.916321185,0.318772137,0.312981342,0.407407407,1.767015831,0.099370834,0.376021798,1.16557077,0.782608696,0.172413793,2.804885057,0.873563218,0.833333333,3.75,75.7,-1.005,0.167574932,0.102179837,0.065395095,0.652588556,0.089772323,0.463465553,0.974349108,0.347411444,0.117400979,0.211764706,1.951704269,0.474114441,0.052962581,0.385057471,0.920156164,0.521798365,0.149794728,0.37075718,1.397159201
2021,Mississippi State,SEC,0.253174714,0.505664264,1.129318965,0.811320755,0.156779661,3.154661017,1.080508475,0.75,4.056818182,70.3,1.37,0.075180227,0.065911432,0.708547889,0.173452316,0.547965116,0.910007535,0.291452111,0.44698747,0.402826855,1.85458571,0.243048404,0.112113001,0.5,0.776330832,0.75592173,0.308995829,0.508174387,1.240988133,0.184375019,0.399002494,1.33448903,0.722222222,0.192513369,2.872727273,0.986631016,1.013368984,3.983870968,70.2,-1.392,0.154613466,0.104738155,0.049875312,0.670822943,0.10742925,0.449814126,1.093973457,0.329177057,0.341181168,0.295454545,2.080704015,0.466334165,0.09921882,0.409090909,0.959775369,0.528678304,0.279324487,0.393867925,1.67778957
2021,Missouri,SEC,0.222312285,0.439903846,1.236874742,0.807692308,0.1775,3.082,1.22,1.44,3.880597015,72.9,1.188,0.097355769,0.055288462,0.679086538,0.193549348,0.515044248,1.050192099,0.320913462,0.283177675,0.280898876,1.961203399,0.480769231,0.160595682,0.455,0.95753313,0.516826923,0.283092508,0.427906977,1.513180032,0.306651208,0.461346633,1.328535622,0.704918033,0.182773109,3.178361345,1.24789916,2.174369748,4.558441558,72.3,-1.245,0.174563591,0.117206983,0.057356608,0.718204489,0.253928555,0.510416667,1.117959918,0.281795511,0.441023988,0.336283186,2.143131108,0.593516209,0.253931851,0.474789916,1.087927797,0.402743142,0.408857186,0.445820433,1.706156235
2021,Navy,American Athletic,0.121610285,0.370179949,1.171311779,0.78313253,0.149001536,2.937941628,0.850998464,0.841781874,3.872727273,69.5,1.406,0.12596401,0.014138817,0.701799486,0.115809961,0.43040293,1.007820447,0.298200514,0.135261046,0.228448276,1.896226174,0.836760925,0.158351343,0.391705069,1.090621504,0.16066838,-0.040244598,0.264,1.794827538,0.216469505,0.426300578,1.320176852,0.716981132,0.221925134,2.644117647,1.058823529,1.112299465,3.873239437,63.7,-1.845,0.161127168,0.11199422,0.049132948,0.676300578,0.112494271,0.465811966,1.074618468,0.323699422,0.433703475,0.34375,2.015394095,0.540462428,0.128262819,0.417112299,1.070013054,0.459537572,0.320209443,0.437106918,1.600936222
2021,NC State,ACC,0.237366416,0.415327565,1.368222077,0.8,0.119533528,3.281924198,1.093294461,1.206997085,4.197183099,69.8,1.459,0.0815822,0.063040791,0.667490729,0.191524803,0.47962963,1.114516075,0.332509271,0.329390474,0.286245353,2.221596809,0.423980222,0.111361844,0.419825073,0.929724761,0.571075402,0.351328162,0.415584416,1.697095063,0.075986539,0.335820896,1.369530555,0.5,0.219101124,2.829494382,0.966292135,1.331460674,3.6,75.3,-1.048,0.189676617,0.112562189,0.077114428,0.608208955,-0.029419472,0.378323108,1.035464183,0.391791045,0.239616823,0.26984127,2.096616189,0.44278607,0.049734325,0.345505618,1.015833975,0.544776119,0.142598924,0.335616438,1.665480755
2021,Nebraska,Big Ten,0.283496456,0.456969697,1.307547321,0.647058824,0.145969499,3.137254902,0.976034858,1.291938998,3.97260274,72,1.277,0.098181818,0.048484848,0.724848485,0.278972968,0.511705686,1.152457255,0.275151515,0.295412959,0.31277533,1.975963662,0.556363636,0.216757645,0.446623094,1.053974297,0.44,0.391551354,0.473829201,1.609770984,0.172923282,0.432098765,1.133628863,0.711864407,0.15443038,2.945822785,0.878481013,1.311392405,2.970149254,70.2,-1.41,0.160493827,0.09382716,0.066666667,0.69382716,0.105116434,0.491103203,0.933810199,0.30617284,0.32658235,0.298387097,1.878898474,0.487654321,0.084948721,0.448101266,0.822990151,0.504938272,0.265941307,0.420537897,1.451500046
2021,Nevada,Mountain West,0.268928757,0.425223214,1.406296246,0.707317073,0.194444444,2.795833333,0.958333333,1.184027778,4.011363636,68.8,1.499,0.110491071,0.049107143,0.672991071,0.18842727,0.470978441,1.189801514,0.327008929,0.434602468,0.33105802,2.040157109,0.321428571,0.090625231,0.402777778,1.000169469,0.669642857,0.381970421,0.441666667,1.584072495,0.180370648,0.456684492,1.196264343,0.782608696,0.099137931,3.527586207,1.211206897,1.806034483,3.753623188,72.2,-1.232,0.179679144,0.112299465,0.067379679,0.718716578,0.186010193,0.522321429,1.025350243,0.281283422,0.165960859,0.288973384,1.985617624,0.496256684,0.221518257,0.502155172,0.999239903,0.496256684,0.173461846,0.418103448,1.43289679
2021,New Mexico,Mountain West,-0.077838548,0.302795031,1.109657566,0.666666667,0.233766234,2.422337662,0.888311688,0.815584416,2.153846154,74.1,1.134,0.176242236,0.035714286,0.641304348,-0.099068862,0.387409201,0.919751296,0.358695652,-0.039881319,0.151515152,1.977800514,0.597826087,-0.0522142,0.335064935,0.933876939,0.399068323,-0.06459248,0.256809339,1.453228791,0.202117585,0.422437673,1.277299213,0.68627451,0.184729064,2.968226601,0.911330049,0.911330049,3.924242424,68.4,-1.53,0.159972299,0.101800554,0.058171745,0.675900277,0.149639825,0.491803279,1.026148911,0.324099723,0.311558382,0.277777778,2.204623408,0.56232687,0.141208832,0.445812808,0.938618853,0.436288089,0.289612469,0.393650794,1.771663288
2021,New Mexico State,Conference USA,0.09140232,0.405191874,1.192875127,0.762711864,0.174174174,3.021921922,1.105105105,0.981981982,3.107692308,74,1.112,0.11738149,0.084650113,0.638826185,0.056456693,0.482332155,0.97732351,0.361173815,0.153212397,0.26875,1.877126191,0.375846501,0.124764377,0.417417417,0.939451498,0.619638826,0.086694326,0.400728597,1.352992784,0.357467399,0.487277354,1.399183598,0.693877551,0.134663342,3.484289277,1.416458853,2.039900249,3.943181818,70.3,-1.363,0.170483461,0.12086514,0.049618321,0.72264631,0.228179992,0.522887324,1.154991429,0.27735369,0.69432633,0.394495413,2.242498415,0.510178117,0.238452606,0.498753117,1.044233818,0.478371501,0.54828405,0.486702128,1.787106855
2021,North Carolina,ACC,0.290062355,0.461625282,1.408313802,0.719298246,0.172489083,3.420960699,1.491266376,2.085152838,4.525,71.3,1.265,0.121896163,0.0496614,0.696388262,0.170976819,0.497568882,1.122143882,0.303611738,0.563206503,0.379182156,2.269629149,0.516930023,0.355706926,0.504366812,1.206535511,0.480812641,0.248446078,0.417840376,1.670172146,0.254298412,0.457013575,1.278991685,0.816666667,0.130526316,3.277473684,1.147368421,1.597894737,4.243589744,70.5,-1.313,0.152714932,0.093891403,0.058823529,0.696832579,0.217859342,0.530844156,1.093481582,0.303167421,0.338053887,0.287313433,2.066807317,0.537330317,0.191959898,0.486315789,0.948143454,0.458144796,0.353605193,0.427160494,1.720760134
2021,Northern Illinois,Mid-American,0.299617771,0.461620469,1.255407574,0.7625,0.109797297,3.401013514,1.177364865,1.842905405,4.175,70.9,1.331,0.10021322,0.043710021,0.68869936,0.238391495,0.520123839,1.035936427,0.31130064,0.435070423,0.332191781,2.015637529,0.631130064,0.279094627,0.47972973,1.062555447,0.361407249,0.381546814,0.439528024,1.622991494,0.355969966,0.491725768,1.320677158,0.79245283,0.112582781,3.642825607,1.472406181,1.909492274,4.369047619,70,-1.416,0.13356974,0.091016548,0.042553191,0.706855792,0.311031214,0.545150502,1.105490824,0.293144208,0.464330345,0.362903226,2.100129877,0.535460993,0.370930583,0.525386313,1.095923584,0.464539007,0.338725286,0.452926209,1.621190363
2021,North Texas,American Athletic,0.158488567,0.407965554,1.178142686,0.833333333,0.128158845,3.313357401,1.077617329,1.202166065,3.226666667,71.3,1.327,0.081808396,0.053821313,0.686759957,0.096821717,0.460815047,0.926850152,0.313240043,0.293689427,0.29209622,2.047319214,0.596340151,0.190724091,0.442238267,0.976304325,0.398277718,0.149890593,0.362162162,1.54717551,0.161273886,0.37565445,1.467219831,0.65,0.166246851,2.815869018,0.929471033,1.604534005,3.476923077,71.4,-1.324,0.189790576,0.142670157,0.047120419,0.659685864,0.045323594,0.410714286,1.121523266,0.340314136,0.386039067,0.307692308,2.361709693,0.519633508,0.055335727,0.370277078,1.125209569,0.47513089,0.309388553,0.385674931,1.826330607
2021,Northwestern,Big Ten,0.105837977,0.376558603,1.206237708,0.753424658,0.14047619,2.861666667,0.971428571,1.2,2.965517241,73.3,1.156,0.123441397,0.073566085,0.66957606,0.070433065,0.43575419,0.978494273,0.33042394,0.177583026,0.256603774,1.989943058,0.523690773,0.11086026,0.416666667,0.964154303,0.46882793,0.122555743,0.337765957,1.539817203,0.280672804,0.463680387,1.189343237,0.741935484,0.118681319,3.494945055,1.217582418,1.652747253,4.283783784,69,-1.517,0.119854722,0.075060533,0.044794189,0.714285714,0.238857742,0.513559322,1.000725453,0.285714286,0.385210457,0.338983051,1.903733092,0.550847458,0.318782196,0.474725275,1.111885768,0.446731235,0.243628775,0.452574526,1.289527747
2021,Notre Dame,FBS Independents,0.26145481,0.434298441,1.366091547,0.66,0.20531401,2.893961353,1.074879227,1.422705314,4.325,71.5,1.292,0.105790646,0.064587973,0.683741648,0.182254166,0.478827362,1.130481303,0.316258352,0.43268437,0.338028169,2.08764792,0.461024499,0.135460368,0.410628019,0.997711311,0.538975501,0.369226915,0.454545455,1.650749002,0.086151463,0.391600454,1.216404159,0.745098039,0.193779904,2.962440191,1.045454545,1.339712919,2.898550725,71.6,-1.289,0.173666288,0.118047673,0.055618615,0.653802497,0.035257339,0.461805556,0.948227193,0.346197503,0.182266268,0.259016393,2.119379768,0.47446084,0.081196389,0.389952153,1.033216574,0.524404086,0.094646015,0.393939394,1.380467766
2021,Ohio,Mid-American,0.209900449,0.446991404,1.1644386,0.72,0.146214099,3.497650131,1.420365535,1.979112272,3.852459016,71,1.374,0.108882521,0.053008596,0.689111748,0.160654083,0.515592516,0.97806704,0.310888252,0.319059444,0.294930876,1.886628392,0.548710602,0.277109972,0.475195822,1.094037589,0.44269341,0.171588817,0.420711974,1.263000015,0.272237502,0.46969697,1.194127829,0.642857143,0.135135135,3.311547912,1.152334152,1.285012285,4.014492754,71.1,-1.338,0.122474747,0.079545455,0.042929293,0.738636364,0.225222485,0.516239316,1.036276553,0.261363636,0.40510603,0.338164251,1.875143335,0.513888889,0.204447336,0.444717445,0.994107816,0.483585859,0.356923225,0.498694517,1.38367559
2021,Ohio State,Big Ten,0.437379717,0.528446389,1.363976287,0.725806452,0.150246305,3.350985222,1.270935961,1.756157635,4.880434783,70.4,1.385,0.064551422,0.044857768,0.746170678,0.376416653,0.573313783,1.204086365,0.253829322,0.616590104,0.396551724,2.043508456,0.444201313,0.247383643,0.492610837,1.001965174,0.555798687,0.589226974,0.557086614,1.61981453,0.132300413,0.421286031,1.265067253,0.757575758,0.192682927,2.693658537,1.058536585,1.143902439,3.661538462,75,-1.027,0.192904656,0.110864745,0.082039911,0.676274945,0.080977687,0.472131148,1.098071664,0.323725055,0.239515696,0.315068493,1.787836052,0.454545455,0.059395883,0.414634146,0.968680351,0.544345898,0.196734017,0.427698574,1.504999507
2021,Oklahoma,Big 12,0.342254885,0.482352941,1.344361055,0.711864407,0.196601942,3.027184466,1.317961165,2.327669903,4.857142857,69.5,1.427,0.104705882,0.045882353,0.698823529,0.255187676,0.533670034,1.084895699,0.301176471,0.544278016,0.36328125,2.228775228,0.484705882,0.281701179,0.490291262,1.09954866,0.512941176,0.407599949,0.47706422,1.582111554,0.212887688,0.414988814,1.372927536,0.721311475,0.210900474,2.705924171,1.116113744,1.251184834,3.828571429,72.5,-1.204,0.180089485,0.139821029,0.040268456,0.66442953,0.144237407,0.462962963,1.151227218,0.33557047,0.348815243,0.32,2.008006571,0.472035794,0.106864855,0.409952607,1.084102435,0.521252796,0.332847001,0.424892704,1.625284821
2021,Oklahoma State,Big 12,0.160880708,0.42371134,1.193881018,0.657534247,0.197740113,2.751035782,1.037664783,0.885122411,3.872093023,69,1.465,0.105154639,0.055670103,0.686597938,0.113426956,0.483483483,0.973681135,0.313402062,0.264841891,0.292763158,1.990559248,0.54742268,0.042418581,0.412429379,0.869505209,0.450515464,0.318116395,0.439359268,1.563872176,0.046251764,0.356132075,1.241295178,0.490196078,0.239247312,2.323655914,0.782258065,0.962365591,3.05,73.6,-1.134,0.22759434,0.163915094,0.063679245,0.646226415,0.007892356,0.414233577,1.015095482,0.353773585,0.116321615,0.25,1.925926258,0.438679245,-0.030709234,0.338709677,0.946372337,0.560141509,0.114936939,0.370526316,1.452433122
2021,Old Dominion,Sun Belt,0.163603486,0.414814815,1.305513935,0.745098039,0.175480769,3.058653846,1.100961538,1.579326923,3.567567568,69.4,1.468,0.120987654,0.085185185,0.655555556,0.064996945,0.459510358,1.002353054,0.344444444,0.351274,0.329749104,2.109549314,0.513580247,0.172600335,0.449519231,1.108776692,0.479012346,0.208761937,0.384020619,1.552425776,0.144970825,0.414841849,1.216684099,0.677419355,0.155172414,2.995320197,0.866995074,0.721674877,3.582089552,70.7,-1.371,0.164233577,0.102189781,0.062043796,0.697080292,0.143864356,0.479930192,0.989367529,0.302919708,0.147517039,0.265060241,2.163836475,0.493917275,0.075550695,0.418719212,0.848003876,0.5,0.253317045,0.416058394,1.583208298
2021,Ole Miss,SEC,0.280931953,0.46007984,1.363792168,0.69047619,0.166969147,3.307622505,1.337568058,1.290381125,3.831578947,70.2,1.411,0.103792415,0.04491018,0.691616766,0.264619662,0.518037518,1.189017684,0.308383234,0.317515831,0.330097087,1.978929815,0.5499002,0.306489758,0.473684211,1.188170992,0.448103792,0.258462453,0.445434298,1.592977804,0.177676909,0.456588355,1.15497583,0.671232877,0.13916501,3.492445328,1.332007952,1.17693837,3.597560976,73.9,-1.126,0.159346272,0.103166496,0.056179775,0.704800817,0.18103322,0.517391304,1.00029846,0.295199183,0.16966357,0.311418685,1.768529399,0.513789581,0.276311344,0.495029821,1.053735403,0.484167518,0.081952085,0.417721519,1.282293338
2021,Oregon,Pac-12,0.269262994,0.488794023,1.195046017,0.844155844,0.112871287,3.524554455,1.265346535,1.499009901,4.551724138,70.5,1.384,0.076840982,0.057630736,0.716115261,0.225621402,0.548435171,0.99452029,0.283884739,0.37935137,0.338345865,2.014973432,0.538954109,0.296951661,0.542574257,0.958902706,0.457844184,0.263571048,0.428904429,1.546694208,0.203654253,0.449643947,1.208307732,0.708333333,0.18907563,3.02710084,1.039915966,0.802521008,4.227848101,71.2,-1.321,0.14750763,0.09155646,0.05595117,0.694811801,0.140208621,0.496339678,1.029915329,0.305188199,0.348098807,0.343333333,1.795443893,0.484231943,0.165832152,0.462184874,0.944627837,0.514750763,0.242874987,0.438735178,1.469612133
2021,Oregon State,Pac-12,0.326037129,0.503529412,1.172881344,0.88,0.12398374,3.664227642,1.380081301,1.298780488,4.792207792,71.6,1.32,0.069411765,0.06,0.716470588,0.316081783,0.561576355,1.020106013,0.283529412,0.351193999,0.356846473,1.780429752,0.578823529,0.302156884,0.540650407,0.943676531,0.416470588,0.384509919,0.457627119,1.549229987,0.205219992,0.431192661,1.241053338,0.823529412,0.151442308,3.062740385,1.002403846,0.887019231,3.930555556,71.2,-1.325,0.15940367,0.086009174,0.073394495,0.68233945,0.164205171,0.475630252,1.036281569,0.31766055,0.293320418,0.335740072,1.864176031,0.47706422,0.155541995,0.451923077,0.902560803,0.517201835,0.270386476,0.416851441,1.579545872
2021,Penn State,Big Ten,0.141360979,0.399377593,1.27650941,0.616666667,0.221698113,2.700707547,0.948113208,0.693396226,3.454545455,73,1.221,0.109958506,0.041493776,0.653526971,0.042940997,0.449206349,0.984701212,0.346473029,0.327003461,0.305389222,2.086134115,0.439834025,0.017689447,0.391509434,0.898115517,0.560165975,0.238466035,0.405555556,1.563328525,0.059686879,0.393939394,1.103132759,0.792207792,0.199268739,2.94606947,1.111517367,1.045703839,2.47826087,73.9,-1.144,0.160312805,0.099706745,0.060606061,0.668621701,-0.001979211,0.463450292,0.917091883,0.331378299,0.184110496,0.253687316,1.78888808,0.534701857,0.08118912,0.418647166,0.885323038,0.465298143,0.034977371,0.365546218,1.389790379
2021,Pittsburgh,ACC,0.298558097,0.476755687,1.271694388,0.75,0.173447537,3.148608137,1.132762313,0.929336188,4.585858586,69.9,1.433,0.091988131,0.053412463,0.711177052,0.251234956,0.542420028,1.076201036,0.288822948,0.41508323,0.315068493,2.100416206,0.461918892,0.183036431,0.473233405,0.890754171,0.535113749,0.413196522,0.482439926,1.594252963,0.07305009,0.388768898,1.255468094,0.542372881,0.191435768,2.552644836,0.831234257,0.879093199,3.722222222,73.3,-1.157,0.198704104,0.136069114,0.062634989,0.666306695,-0.004898206,0.442463533,0.989684946,0.333693305,0.228694422,0.281553398,2.08947728,0.428725702,-0.027687959,0.365239295,0.884807273,0.569114471,0.152789428,0.407969639,1.505448647
2021,Purdue,Big Ten,0.234565145,0.463569166,1.155048984,0.698113208,0.187319885,2.793371758,0.734870317,0.461095101,3.925,71.9,1.31,0.095036959,0.058078141,0.711721225,0.119317971,0.497032641,0.869651293,0.288278775,0.5190948,0.380952381,2.074358853,0.366420275,-0.027586889,0.438040346,0.59536052,0.632523759,0.39164372,0.479131886,1.451469355,0.153314553,0.398354877,1.290758718,0.666666667,0.166666667,2.929166667,0.881578947,1.339912281,3.457142857,70.8,-1.33,0.180963572,0.112808461,0.068155112,0.685076381,0.151931565,0.459691252,1.135656119,0.314923619,0.156323067,0.264925373,1.876216414,0.535840188,0.109804639,0.423245614,0.949453858,0.461809636,0.212600389,0.371501272,1.74193569
2021,Rice,American Athletic,0.154950111,0.401997503,1.248066185,0.755102041,0.129840547,2.949886105,0.810933941,1.025056948,3.839285714,72.2,1.235,0.102996255,0.071161049,0.677902622,0.106239921,0.464088398,1.016733167,0.322097378,0.25746807,0.271317829,2.080865049,0.548064919,0.085776935,0.380410023,0.955580385,0.436953808,0.303464104,0.442857143,1.563196046,0.284953296,0.47129506,1.280203433,0.840909091,0.12462908,3.250148368,1.166172107,1.492581602,3.941176471,68.4,-1.508,0.177570093,0.101468625,0.076101469,0.712950601,0.21182755,0.505617978,1.087149191,0.287049399,0.466577244,0.386046512,1.908211208,0.449933244,0.240319734,0.474777448,1.021678143,0.53271028,0.398041644,0.483709273,1.494524917
2021,Rutgers,Big Ten,0.062676051,0.395715896,1.049574274,0.740740741,0.125523013,3.120502092,0.976987448,0.539748954,3.409090909,69.6,1.42,0.106538895,0.060879369,0.685456595,0.050774173,0.470394737,0.909621463,0.314543405,0.088612759,0.23297491,1.665366643,0.538895152,0.117121374,0.435146444,0.856084954,0.457722661,0.009168034,0.352216749,1.331013286,0.205424023,0.388111888,1.399078554,0.684210526,0.172995781,2.929957806,1.056962025,1.405063291,3.528571429,73.5,-1.195,0.172494172,0.111888112,0.060606061,0.660839161,0.137667423,0.42680776,1.140914552,0.339160839,0.337444616,0.312714777,2.08562458,0.552447552,0.084512958,0.386075949,1.001207448,0.440559441,0.389080338,0.396825397,1.884481302
2021,San Diego State,Mountain West,0.144400841,0.398678414,1.207820954,0.765625,0.184060721,2.964895636,1.064516129,1.261859583,3.567901235,69.5,1.481,0.102422907,0.049559471,0.670704846,0.106784644,0.459770115,1.025084604,0.329295154,0.221017107,0.274247492,1.831798732,0.580396476,0.147358674,0.404174573,1.10706477,0.414096916,0.170848151,0.396276596,1.351854962,0.055452522,0.351380042,1.249170957,0.673076923,0.232240437,2.583879781,0.923497268,0.601092896,3.459016393,74.3,-1.086,0.197452229,0.118895966,0.078556263,0.634819533,0.00722547,0.409698997,1.033642279,0.365180467,0.139289083,0.25,1.863177073,0.388535032,-0.057389067,0.336065574,0.861404802,0.606157113,0.154805625,0.364273205,1.478474981
2021,San José State,Mountain West,0.09419606,0.395498392,1.223535457,0.555555556,0.23655914,2.897849462,1.211469534,1.523297491,3.096153846,71.8,1.298,0.143086817,0.08681672,0.662379421,0.016311321,0.444174757,0.945236159,0.337620579,0.246998501,0.3,2.031928659,0.448553055,0.062476607,0.437275986,0.922854143,0.549839228,0.124420131,0.362573099,1.519367074,0.150528135,0.422377622,1.119917296,0.739130435,0.142857143,3.048739496,0.837535014,0.56302521,3.75862069,70.7,-1.351,0.211188811,0.125874126,0.085314685,0.688111888,0.116970585,0.491869919,0.908740183,0.311888112,0.22456542,0.269058296,1.971664984,0.499300699,0.058852216,0.417366947,0.73137798,0.497902098,0.25366956,0.429775281,1.498298721
2021,SMU,American Athletic,0.329193449,0.471590909,1.354091405,0.771929825,0.181360202,3.135768262,1.234256927,1.176322418,4.406976744,67.8,1.563,0.094318182,0.051136364,0.703409091,0.211083895,0.508885299,1.080590009,0.296590909,0.609307678,0.383141762,2.215620802,0.451136364,0.183354484,0.481108312,0.918205114,0.543181818,0.483267543,0.468619247,1.725762304,0.245319848,0.396111786,1.427615599,0.645833333,0.161290323,2.952109181,0.885856079,1.022332506,4.214285714,71.1,-1.321,0.164034022,0.104495747,0.059538275,0.652490887,0.146320073,0.44320298,1.139763073,0.347509113,0.431204041,0.307692308,2.206125842,0.489671932,0.104110954,0.359801489,1.052831528,0.504252734,0.414095596,0.436144578,1.727856983
2021,South Alabama,Sun Belt,0.169379342,0.405135521,1.298985141,0.675675676,0.216718266,2.736532508,0.900928793,0.783281734,3.362068966,71.5,1.312,0.156918688,0.057061341,0.654778887,0.065314707,0.464052288,1.011359084,0.345221113,0.366758132,0.29338843,2.161863314,0.460770328,0.052627047,0.380804954,0.898535309,0.536376605,0.274965777,0.428191489,1.604918864,0.154386743,0.39379845,1.351694694,0.659090909,0.215625,2.6396875,0.95625,1.0625,3.016666667,70.1,-1.386,0.196899225,0.131782946,0.065116279,0.674418605,0.101388932,0.445977011,1.112054233,0.325581395,0.264167922,0.285714286,2.126532181,0.496124031,0.058912976,0.3875,1.033405532,0.499224806,0.263516779,0.403726708,1.655293586
2021,South Carolina,SEC,0.155453112,0.400244798,1.292943452,0.771929825,0.180138568,2.951732102,1.064665127,1.263279446,3.242857143,70.4,1.366,0.133414933,0.053855569,0.658506732,0.062453712,0.464684015,0.984523883,0.341493268,0.33478529,0.275985663,2.294305692,0.52998776,0.069971059,0.415704388,0.878413713,0.463892289,0.273781379,0.387862797,1.800530888,0.156631175,0.428748451,1.194877506,0.872727273,0.122807018,3.401315789,1.219298246,1.129385965,3.384615385,71.6,-1.285,0.177199504,0.097893432,0.079306072,0.713754647,0.080917809,0.467013889,0.970950039,0.286245353,0.345422943,0.333333333,1.977169563,0.565055762,0.191675197,0.460526316,0.913706398,0.429987608,0.143558587,0.391930836,1.629038775
2021,Southern Mississippi,Sun Belt,0.009766346,0.33773862,1.326073962,0.680851064,0.207084469,2.764032698,1.035422343,1.419618529,2.529411765,70.9,1.349,0.182085169,0.07195301,0.616740088,-0.058277483,0.4,1.041380874,0.383259912,0.119262163,0.237547893,2.097500391,0.538913363,-0.067156018,0.332425068,1.03615797,0.446402349,0.176054717,0.355263158,1.653571656,0.218296257,0.404191617,1.417720707,0.8,0.151515152,3.128099174,1.099173554,1.741046832,3.109375,71.2,-1.329,0.188622754,0.122754491,0.065868263,0.670658683,0.140616773,0.450892857,1.149534076,0.329341317,0.376479933,0.309090909,2.214392757,0.543413174,0.125415758,0.407713499,1.047328782,0.456586826,0.328839277,0.4,1.867048616
2021,South Florida,American Athletic,0.138481597,0.420798065,1.175992455,0.671052632,0.191629956,2.92753304,1.154185022,0.925110132,3.422535211,72.1,1.259,0.116082225,0.048367594,0.671100363,0.048489111,0.472072072,0.935201155,0.328899637,0.322105971,0.316176471,1.909565951,0.548972189,0.144035523,0.455947137,0.958928315,0.446191052,0.153655787,0.382113821,1.494661087,0.321479921,0.487468672,1.309846161,0.788461538,0.175903614,3.14746988,1.363855422,1.980722892,4.189873418,69.3,-1.471,0.122807018,0.077694236,0.045112782,0.710526316,0.339910693,0.559082892,1.163891662,0.289473684,0.276240753,0.311688312,1.952451384,0.520050125,0.281821195,0.457831325,1.180154222,0.478696742,0.374796594,0.520942408,1.433672635
2021,Stanford,Pac-12,0.134866263,0.390489914,1.333779992,0.674418605,0.196551724,2.734827586,0.810344828,1.237931034,3.224137931,70,1.385,0.126801153,0.076368876,0.665706052,0.079997178,0.445887446,1.086980417,0.334293948,0.244131422,0.280172414,2.115944797,0.417867435,0.057838981,0.365517241,1.096368495,0.576368876,0.216609291,0.4125,1.486298893,0.314001876,0.496962333,1.177866416,0.708333333,0.138297872,3.63212766,1.40212766,1.974468085,4,72.4,-1.233,0.125151883,0.071688943,0.05346294,0.735115431,0.27499258,0.557024793,1.030010974,0.264884569,0.422261621,0.330275229,1.869912023,0.571081409,0.374306049,0.54893617,1.045618932,0.427703524,0.24327673,0.428977273,1.403825692
2021,Syracuse,ACC,0.213063902,0.40974212,1.30842039,0.738095238,0.192682927,3.168536585,1.404878049,2.090243902,3.711538462,73.6,1.161,0.126074499,0.06017192,0.64469914,0.119948129,0.484444444,0.981136811,0.35530086,0.382023972,0.274193548,2.357653044,0.58739255,0.254291693,0.456097561,1.145242368,0.40974212,0.162843099,0.346153846,1.616645544,0.156378401,0.417721519,1.182375362,0.75,0.154054054,2.920540541,0.92972973,1.054054054,4.254237288,67.8,-1.566,0.187060478,0.140646976,0.046413502,0.70745429,0.103773005,0.467196819,1.021822115,0.29254571,0.28359241,0.298076923,1.790923957,0.520393812,0.085020714,0.424324324,0.90601213,0.476793249,0.254873282,0.412979351,1.492296986
2021,TCU,Big 12,0.314642735,0.448328267,1.445292395,0.634615385,0.162234043,3.204255319,1.236702128,1.904255319,3.396551724,72.7,1.169,0.139817629,0.050151976,0.674772036,0.202264981,0.484234234,1.187231857,0.325227964,0.547800317,0.373831776,2.13883009,0.571428571,0.232426028,0.454787234,1.095105345,0.424012158,0.458555642,0.444444444,1.928211632,0.346037476,0.481191223,1.403616798,0.837209302,0.122507123,3.52962963,1.284900285,2.105413105,4.71641791,73,-1.187,0.145768025,0.087774295,0.05799373,0.725705329,0.306039581,0.520518359,1.247528446,0.274294671,0.451860478,0.377142857,1.973575781,0.55015674,0.307689732,0.498575499,1.085181845,0.440438871,0.439074954,0.46975089,1.82578435
2021,Temple,American Athletic,0.068341388,0.361613352,1.242835399,0.68,0.161094225,2.960182371,1.030395137,0.787234043,2.78,72.9,1.174,0.114047288,0.050069541,0.650904033,-0.041895285,0.401709402,0.98546851,0.349095967,0.273882278,0.28685259,1.91484894,0.457579972,0.128819097,0.404255319,0.999934257,0.538247566,0.034975393,0.328165375,1.497212184,0.281313436,0.463560335,1.244203198,0.783783784,0.162878788,3.18125,1.147727273,1.210227273,4.963414634,66.2,-1.667,0.161290323,0.115890084,0.045400239,0.718040621,0.23232104,0.520798669,1.036036993,0.281959379,0.40607797,0.31779661,2.112950158,0.630824373,0.246728304,0.486742424,1.014287997,0.367980884,0.341640067,0.425324675,1.695258211
2021,Tennessee,SEC,0.301931489,0.488347458,1.235448209,0.693181818,0.118421053,3.414473684,1.283834586,1.437969925,4.269662921,69.2,1.477,0.097987288,0.031779661,0.724576271,0.253998001,0.554093567,1.008055169,0.275423729,0.428033434,0.315384615,2.286447748,0.563559322,0.246601907,0.526315789,0.938440201,0.436440678,0.373376483,0.439320388,1.69490811,0.192970071,0.413346614,1.346564428,0.733333333,0.162886598,3.158762887,1.127835052,0.832989691,4.1625,72.4,-1.224,0.179282869,0.111553785,0.067729084,0.658366534,0.069854778,0.449319213,1.043548539,0.341633466,0.430227239,0.344023324,2.109240013,0.483067729,0.187410452,0.422680412,1.038809678,0.508964143,0.229223819,0.410958904,1.646991684
2021,Texas,Big 12,0.27986991,0.454172367,1.28457443,0.75862069,0.128534704,3.461953728,1.11311054,1.185089974,4.441176471,70.6,1.362,0.108071135,0.047879617,0.704514364,0.269387922,0.518446602,1.101778497,0.295485636,0.304861688,0.300925926,2.035443881,0.532147743,0.220330527,0.475578406,0.91541829,0.465116279,0.362804115,0.432352941,1.749158689,0.279745741,0.457583548,1.258456328,0.666666667,0.188405797,3.106038647,1.20531401,1.758454106,4.315068493,69.3,-1.423,0.155526992,0.106683805,0.048843188,0.710796915,0.224870522,0.506329114,1.034344258,0.289203085,0.414616834,0.337777778,2.084132375,0.532133676,0.211148951,0.456521739,1.052978378,0.467866324,0.357765167,0.458791209,1.49100323
2021,Texas A&M,SEC,0.185386108,0.448849105,1.216530314,0.761904762,0.211195929,3.077099237,1.323155216,1.697201018,3.88,72,1.294,0.099744246,0.070332481,0.690537084,0.109788532,0.496296296,0.981005877,0.309462916,0.354074912,0.342975207,1.977018858,0.502557545,0.186377238,0.486005089,0.983316689,0.493606138,0.206065881,0.414507772,1.49492908,0.012788222,0.364719905,1.176050886,0.619047619,0.21641791,2.751492537,1.156716418,1.044776119,2.203389831,72.8,-1.17,0.193087008,0.123957092,0.069129917,0.649582837,-0.057921832,0.418348624,0.944246672,0.350417163,0.143866384,0.265306122,1.853632435,0.479141836,0.012569535,0.407960199,0.905320545,0.520858164,0.012989394,0.324942792,1.488725365
2021,Texas State,Sun Belt,0.172961797,0.412955466,1.200270679,0.846153846,0.107438017,3.412672176,1.121212121,0.691460055,4.117647059,73.2,1.187,0.143049933,0.067476383,0.641025641,0.076999042,0.492631579,0.891750947,0.358974359,0.344323858,0.270676692,2.202959808,0.489878543,0.154797872,0.457300275,0.906313529,0.497975709,0.212390391,0.379403794,1.548819871,0.309646348,0.479503106,1.188844254,0.810344828,0.097222222,3.488657407,1.148148148,1.106481481,4.181818182,69,-1.48,0.147826087,0.098136646,0.049689441,0.70310559,0.216491045,0.51590106,0.976003165,0.29689441,0.530256814,0.393305439,1.850010193,0.536645963,0.240915191,0.474537037,0.975185793,0.459627329,0.407149866,0.489189189,1.43083312
2021,Texas Tech,Big 12,0.288532601,0.465789474,1.307326998,0.882352941,0.142480211,3.165699208,1.187335092,1.27176781,4.485294118,72.5,1.179,0.109210526,0.069736842,0.713157895,0.250035568,0.522140221,1.122147759,0.286842105,0.384245406,0.325688073,2.045435792,0.498684211,0.214709429,0.474934037,0.997394684,0.496052632,0.383546433,0.461538462,1.627946633,0.278061327,0.454094293,1.335841977,0.690909091,0.141414141,3.072979798,1.015151515,1.143939394,4.6,71.6,-1.264,0.166253102,0.08808933,0.078163772,0.700992556,0.223797134,0.507964602,1.115098171,0.299007444,0.405278212,0.32780083,2.137784664,0.491315136,0.177548739,0.446969697,0.969873483,0.507444169,0.376244272,0.462102689,1.678574377
2021,Toledo,Mid-American,0.301914084,0.413366337,1.502867317,0.777777778,0.139705882,3.530392157,1.477941176,2.024509804,4.038461538,70.6,1.366,0.109529703,0.058168317,0.647277228,0.309314682,0.495219885,1.281102947,0.352722772,0.288333337,0.263157895,2.268693607,0.504950495,0.342417152,0.463235294,1.259127717,0.493811881,0.269489677,0.363408521,1.820569278,0.083583381,0.364349776,1.321606479,0.62962963,0.166301969,3.05404814,1.032822757,1.074398249,3.222222222,70.3,-1.382,0.198430493,0.119955157,0.078475336,0.650224215,0.001842719,0.417241379,1.008806823,0.349775785,0.235537177,0.266025641,2.233624754,0.512331839,0.073298996,0.363238512,1.053087132,0.480941704,0.161559095,0.370629371,1.601947433
2021,Troy,Sun Belt,0.12998833,0.39602649,1.310039096,0.622222222,0.20123839,2.66625387,0.919504644,1.26625387,2.861111111,69.8,1.374,0.119205298,0.064900662,0.675496689,0.028020932,0.439215686,1.024940872,0.324503311,0.342246995,0.306122449,2.161532457,0.42781457,0.024123005,0.393188854,0.975068676,0.568211921,0.233003683,0.400932401,1.557371906,0.132447024,0.379354839,1.291128414,0.918367347,0.170114943,2.840689655,0.87816092,0.898850575,3.887096774,69.6,-1.454,0.183225806,0.131612903,0.051612903,0.659354839,0.077965936,0.452054795,1.054357163,0.340645161,0.237900948,0.238636364,2.159289669,0.561290323,0.073903117,0.377011494,0.943187435,0.432258065,0.2353942,0.388059701,1.730069342
2021,Tulane,American Athletic,0.191229794,0.38976378,1.459521709,0.692307692,0.189333333,3.053066667,1.210666667,1.605333333,4.098360656,70.8,1.323,0.130052493,0.078740157,0.633858268,0.1309932,0.445134576,1.245377757,0.366141732,0.295510348,0.29390681,2.020996706,0.492125984,0.224257788,0.394666667,1.266059243,0.507874016,0.159225923,0.38501292,1.65168577,0.213525335,0.418181818,1.354770043,0.727272727,0.216152019,2.764608076,1.085510689,1.287410926,3.797619048,68.1,-1.557,0.170909091,0.121212121,0.04969697,0.675151515,0.095255997,0.456014363,1.044753626,0.324848485,0.459331384,0.339552239,2.220090591,0.51030303,0.130855885,0.401425178,1.063215052,0.488484848,0.304618155,0.436724566,1.634729097
2021,Tulsa,American Athletic,0.143662132,0.425766871,1.168161668,0.626865672,0.173814898,2.874943567,0.954853273,0.90744921,3.513888889,72.3,1.239,0.11595092,0.085889571,0.701840491,0.084950608,0.468531469,0.951724733,0.298159509,0.281863745,0.325102881,1.902403422,0.543558282,0.068814996,0.413092551,0.846613491,0.456441718,0.23279461,0.440860215,1.526962378,0.153901165,0.403556772,1.275050616,0.711538462,0.201570681,2.889005236,1.023560209,1.167539267,3.746031746,70.5,-1.371,0.198358413,0.124487004,0.073871409,0.662106703,0.054988314,0.454545455,0.962758508,0.337893297,0.347722299,0.303643725,2.191107466,0.522571819,0.117675205,0.42408377,0.956607349,0.476060192,0.205881461,0.382183908,1.662928881
2021,UAB,American Athletic,0.288706772,0.43881335,1.368139229,0.803278689,0.16322314,3.205165289,1.252066116,1.66322314,4.347222222,70,1.379,0.123609394,0.05315204,0.678615575,0.28451123,0.508196721,1.139006442,0.321384425,0.29756582,0.292307692,2.20929775,0.598269468,0.218242541,0.450413223,1.02964167,0.395550062,0.426876785,0.428125,1.906770381,0.12780849,0.384976526,1.303014407,0.711538462,0.188679245,2.634669811,0.882075472,0.768867925,3.967213115,70.9,-1.337,0.183098592,0.116197183,0.066901408,0.651408451,0.033037539,0.445045045,1.035709321,0.348591549,0.304905722,0.272727273,2.118129919,0.497652582,0.016597276,0.389150943,0.869186997,0.496478873,0.262037187,0.38534279,1.742164854
2021,UCF,Big 12,0.242189422,0.441724942,1.289702764,0.739130435,0.159292035,3.286061947,1.309734513,1.89380531,4.444444444,68.8,1.5,0.113053613,0.046620047,0.682983683,0.133235186,0.496587031,1.00376949,0.317016317,0.476921707,0.323529412,2.235232114,0.526806527,0.25858076,0.475663717,1.057008973,0.473193473,0.223940936,0.403940887,1.594758648,0.1566147,0.400644468,1.235220754,0.645833333,0.182648402,3.076940639,1.219178082,1.326484018,3.506493506,71.8,-1.271,0.190225564,0.112889366,0.077336198,0.664876477,0.077174318,0.453957997,1.000738667,0.335123523,0.314222381,0.294871795,1.951410604,0.470461869,0.221382022,0.440639269,1.119497539,0.529538131,0.099072942,0.365111562,1.359301756
2021,UCLA,Pac-12,0.330874337,0.475118483,1.291185178,0.788732394,0.151020408,3.366734694,1.387755102,1.510204082,3.943181818,68.9,1.446,0.088862559,0.05450237,0.704976303,0.277343682,0.531092437,1.081600081,0.295023697,0.458788952,0.341365462,2.070348598,0.58056872,0.297577557,0.495918367,1.085321563,0.418246445,0.383989359,0.447592068,1.607798207,0.201923741,0.43937575,1.253926451,0.706666667,0.174863388,2.895355191,1.112021858,1.174863388,3.633802817,69.6,-1.386,0.169267707,0.104441777,0.06482593,0.698679472,0.116158526,0.487972509,1.036103535,0.301320528,0.400789696,0.326693227,2.008337527,0.43937575,0.199511092,0.480874317,1.010234531,0.56062425,0.203814596,0.406852248,1.479662124
2021,UMass,FBS Independents,0.074353206,0.361462729,1.262411782,0.62962963,0.167553191,3.040159574,1.098404255,1.361702128,3.340425532,73.1,1.161,0.139943741,0.067510549,0.654008439,-0.044754412,0.406451613,0.934577193,0.345991561,0.299495656,0.276422764,2.173599093,0.52883263,0.143964033,0.406914894,1.045675111,0.465541491,0.027751302,0.314199396,1.581264768,0.415747627,0.48773842,1.445510734,0.758064516,0.166292135,3.205617978,1.312359551,1.928089888,5.058823529,70.7,-1.409,0.13147139,0.08106267,0.050408719,0.708446866,0.300024757,0.532692308,1.141992627,0.291553134,0.696943387,0.378504673,2.483467716,0.60626703,0.287318463,0.492134831,1.155492453,0.392370572,0.620171028,0.482638889,1.90244601
2021,UNLV,Mountain West,0.126582965,0.358878505,1.441784094,0.818181818,0.155462185,2.719327731,0.886554622,1.176470588,4.135135135,72.5,1.196,0.2,0.106542056,0.635514019,0.091333114,0.414705882,1.224116862,0.364485981,0.188044244,0.261538462,2.043569969,0.444859813,0.092720446,0.369747899,1.016871779,0.54953271,0.172465088,0.353741497,1.801325283,0.256246438,0.453074434,1.248140253,0.625,0.175792507,3.155907781,1.239193084,1.668587896,4.262295082,66.4,-1.701,0.184466019,0.131067961,0.053398058,0.697411003,0.147787272,0.501160093,1.001061555,0.302588997,0.506224515,0.342245989,2.082030861,0.561488673,0.169716255,0.423631124,1.072806608,0.433656958,0.410687647,0.496268657,1.441930071
2021,USC,Pac-12,0.206476644,0.468109339,1.158650105,0.785714286,0.153225806,3.185752688,1.123655914,0.970430108,3.768115942,73.2,1.182,0.085421412,0.088838269,0.686788155,0.172837732,0.525704809,0.960686031,0.313211845,0.280237603,0.341818182,1.826252353,0.423690205,0.149189856,0.494623656,0.872219616,0.570615034,0.26392097,0.453093812,1.390822836,0.3022945,0.47164592,1.271669888,0.86,0.141439206,3.043920596,1.136476427,1.394540943,4.507936508,71.7,-1.304,0.139695712,0.088520055,0.051175657,0.706777317,0.227867767,0.530332681,1.014355264,0.293222683,0.481691012,0.330188679,2.267845073,0.557399723,0.177607394,0.451612903,1.016888441,0.441217151,0.467444089,0.498432602,1.563306512
2021,Utah,Pac-12,0.289908556,0.480916031,1.274113132,0.733333333,0.161100196,3.46935167,1.442043222,1.650294695,4.381443299,68,1.513,0.081788441,0.057797165,0.714285714,0.248340311,0.53129771,1.118879801,0.285714286,0.39382917,0.354961832,1.854986244,0.555070883,0.300350977,0.483300589,1.16746709,0.442748092,0.295916958,0.480295567,1.408651216,0.155486573,0.405133929,1.295486567,0.677966102,0.198529412,3.052205882,1.147058824,1.056372549,3.306666667,74.1,-1.102,0.203125,0.125,0.078125,0.646205357,0.120264667,0.478411054,1.067650992,0.353794643,0.219819328,0.271293375,2.029329061,0.455357143,0.141354967,0.424019608,1.028126105,0.5390625,0.190252637,0.393374741,1.538925305
2021,Utah State,Mountain West,0.21813823,0.396353167,1.479266656,0.6,0.202729045,2.749317739,1.009746589,0.992202729,3.543478261,71.1,1.35,0.106046065,0.071017274,0.658349328,0.126475197,0.432944606,1.194142087,0.341650672,0.394769804,0.325842697,2.209283871,0.492322457,0.021864106,0.358674464,1.016414752,0.501919386,0.440727419,0.437858509,1.851165128,0.170510967,0.42826087,1.253571801,0.634920635,0.221030043,2.744206009,1.182403433,1.869098712,3.316455696,71.2,-1.304,0.198913043,0.143478261,0.055434783,0.665217391,0.083952568,0.495098039,0.976283618,0.334782609,0.34250363,0.295454545,2.176850037,0.506521739,0.100553102,0.420600858,1.039280368,0.484782609,0.282325119,0.443946188,1.465698675
2021,UTEP,Conference USA,0.217461609,0.375848033,1.480760952,0.658536585,0.205583756,2.688324873,0.878172589,1.124365482,3.528571429,73,1.215,0.107191316,0.081411126,0.659430122,0.12867754,0.4218107,1.153530492,0.340569878,0.389370204,0.28685259,2.412458791,0.534599729,0.034623604,0.337563452,0.999165666,0.455902307,0.498944147,0.428571429,1.92556771,0.114564426,0.386419753,1.267997112,0.623188406,0.217283951,2.725925926,0.945679012,1.167901235,3.813333333,71.1,-1.316,0.174691358,0.104320988,0.07037037,0.671604938,0.077349952,0.457720588,1.052873128,0.328395062,0.190672222,0.240601504,2.104963865,0.5,0.025922654,0.390123457,0.952522428,0.495061728,0.218033968,0.386533666,1.589577758
2021,UT San Antonio,American Athletic,0.260524419,0.450151057,1.288012484,0.680555556,0.170731707,3.169043152,1.076923077,1.296435272,4.372340426,69.5,1.431,0.09264854,0.044310171,0.720040282,0.212506901,0.490909091,1.085502829,0.279959718,0.384022712,0.345323741,2.028438412,0.536757301,0.148107354,0.433395872,0.989243577,0.4612286,0.405294404,0.471615721,1.607529233,0.189540245,0.414394766,1.339595959,0.714285714,0.189309577,3.005790646,1.048997773,0.70155902,3.902777778,72,-1.228,0.183206107,0.12431843,0.058887677,0.663031625,0.12467678,0.470394737,1.091337886,0.336968375,0.317168033,0.30420712,2.094934351,0.489640131,0.097415733,0.407572383,0.938182093,0.504907306,0.328843758,0.425485961,1.71248295
2021,Vanderbilt,SEC,0.074457087,0.333333333,1.330548189,0.6875,0.207650273,2.708743169,0.879781421,0.953551913,3.31372549,75.4,1.013,0.099601594,0.078353254,0.641434263,-0.062116729,0.366459627,1.025604485,0.358565737,0.318772469,0.274074074,2.059940559,0.486055777,0.045649398,0.341530055,1.042530173,0.511288181,0.121692784,0.327272727,1.616280347,0.343911516,0.495400788,1.264743462,0.696428571,0.163157895,3.507368421,1.465789474,1.663157895,4.369047619,67.5,-1.59,0.14586071,0.078843627,0.067017083,0.70696452,0.275035065,0.550185874,1.036924929,0.29303548,0.510079814,0.3632287,2.09726551,0.49934297,0.264164102,0.494736842,1.028458275,0.498028909,0.434592749,0.498680739,1.499778464
2021,Virginia,ACC,0.319396527,0.501706485,1.29871166,0.829268293,0.132890365,3.513953488,1.395348837,1.534883721,4.329545455,74.3,1.081,0.103526735,0.077360637,0.698521047,0.20287185,0.540716612,1.057093131,0.301478953,0.589382007,0.411320755,2.034650666,0.342434585,0.270976758,0.508305648,0.996840574,0.65301479,0.371594024,0.50174216,1.459080675,0.299102666,0.467222884,1.264810217,0.723076923,0.119369369,3.506081081,1.220720721,2.101351351,3.8,72.2,-1.225,0.143027414,0.078665077,0.064362336,0.716328963,0.218445868,0.514143095,1.022617378,0.283671037,0.502778024,0.348739496,2.166467893,0.52920143,0.259291084,0.472972973,1.010942291,0.462455304,0.398845047,0.469072165,1.557734746
2021,Virginia Tech,ACC,0.182748532,0.415364583,1.252817068,0.744680851,0.164113786,3.201531729,1.133479212,1.341356674,3.268656716,71.7,1.277,0.115885417,0.046875,0.665364583,0.096976931,0.467710372,0.981021606,0.334635417,0.353290511,0.311284047,2.064806011,0.595052083,0.122673517,0.450765864,0.910447404,0.40234375,0.274438336,0.365695793,1.876959995,0.223592977,0.422733078,1.321750911,0.685185185,0.18115942,3.354589372,1.31884058,1.287439614,3.893939394,73.5,-1.147,0.173690932,0.104725415,0.068965517,0.67816092,0.183773457,0.485875706,1.106870878,0.32183908,0.307498394,0.28968254,2.08118993,0.528735632,0.220818222,0.463768116,1.061116415,0.468710089,0.24347549,0.378746594,1.681764027
2021,Wake Forest,ACC,0.286804034,0.447761194,1.337719629,0.742857143,0.156378601,3.053909465,0.923868313,0.95473251,4.876404494,69.5,1.444,0.08358209,0.080597015,0.694527363,0.188565842,0.478510029,1.112653984,0.305472637,0.510159924,0.377850163,1.98575347,0.48358209,0.148206113,0.432098765,0.936838119,0.514427861,0.422085239,0.464216634,1.688490951,0.232526047,0.454342984,1.283228363,0.732142857,0.18275154,3.306776181,1.433264887,1.706365503,3.882352941,71.1,-1.303,0.198218263,0.138084633,0.06013363,0.69376392,0.170525435,0.504012841,1.070683703,0.30623608,0.372985615,0.341818182,1.993217972,0.542316258,0.270729978,0.482546201,1.087845206,0.456570156,0.195216783,0.42195122,1.548633229
2021,Washington,Pac-12,0.132195194,0.423728814,1.147010387,0.724137931,0.107462687,3.069552239,0.841791045,0.594029851,3.771929825,72.7,1.24,0.100391134,0.078226858,0.698826597,0.065185077,0.47761194,0.932660994,0.301173403,0.287681871,0.298701299,1.942277702,0.436766623,0.114322721,0.447761194,0.837465604,0.551499348,0.187021699,0.413711584,1.412334487,0.168128039,0.43202033,1.053679279,0.824561404,0.114035088,3.491008772,1.190789474,1.199561404,3.73015873,70.2,-1.382,0.147395172,0.094027954,0.053367217,0.700127065,0.131595279,0.495462795,0.877225489,0.299872935,0.253422743,0.283898305,1.772662633,0.579415502,0.236359496,0.495614035,0.918578469,0.411689962,0.116575103,0.351851852,1.321510712
2021,Washington State,Pac-12,0.211156781,0.430952381,1.252879259,0.644067797,0.198369565,3.004891304,1.269021739,1.448369565,4.24,69.2,1.476,0.11547619,0.066666667,0.683333333,0.11137198,0.480836237,1.024459574,0.316666667,0.42648188,0.323308271,1.985947082,0.438095238,0.184283022,0.448369565,1.025862982,0.557142857,0.247348879,0.420940171,1.443019795,0.186047822,0.440462428,1.179435622,0.75,0.188405797,3.280434783,1.31884058,1.118357488,3.727272727,70.1,-1.374,0.17283237,0.112716763,0.060115607,0.675144509,0.123668059,0.515410959,0.922154548,0.324855491,0.315691173,0.284697509,2.147455663,0.478612717,0.181293502,0.475845411,0.947931606,0.512138728,0.22323766,0.415349887,1.4272959
2021,Western Kentucky,Conference USA,0.367855286,0.51888668,1.292113173,0.672413793,0.137380192,3.30543131,1.143769968,0.785942492,4.733333333,68.7,1.497,0.065606362,0.087475149,0.734592445,0.257159231,0.553450609,1.035046407,0.265407555,0.674238748,0.423220974,2.222558368,0.311133201,0.147110728,0.50798722,0.768488492,0.686878728,0.481856762,0.525325615,1.521469438,0.189154738,0.443609023,1.205523142,0.746987952,0.141527002,3.235195531,1.04283054,0.962756052,4.048192771,71.1,-1.277,0.176691729,0.09962406,0.077067669,0.707706767,0.186612565,0.505976096,1.00614317,0.292293233,0.195309904,0.292604502,2.040289838,0.504699248,0.177372622,0.463687151,0.928117636,0.489661654,0.212495319,0.426103647,1.510407827
2021,Western Michigan,Mid-American,0.30477733,0.493617021,1.214095144,0.688888889,0.114337568,3.531034483,1.192377495,1.052631579,4.160493827,71.8,1.306,0.075531915,0.055319149,0.743617021,0.254970596,0.547925608,0.999780676,0.256382979,0.449237527,0.336099585,2.227458617,0.586170213,0.27103181,0.515426497,0.930822038,0.411702128,0.389384575,0.465116279,1.661037157,0.218228627,0.387978142,1.454221682,0.717948718,0.218666667,2.7936,1.288,2.112,3.723076923,68.5,-1.502,0.218579235,0.159836066,0.058743169,0.651639344,0.201201024,0.454926625,1.257932496,0.348360656,0.250080261,0.262745098,2.08996427,0.512295082,0.21079505,0.429333333,1.192576494,0.486338798,0.227888831,0.345505618,1.796700343
2021,West Virginia,Big 12,0.196914732,0.436666667,1.220551767,0.76119403,0.141826923,3.021634615,1.002403846,0.96875,4.191780822,72.9,1.227,0.114444444,0.06,0.674444444,0.127647622,0.49752883,0.971516032,0.325555556,0.340413487,0.310580205,2.047022007,0.462222222,0.156583059,0.459134615,0.930463773,0.532222222,0.255110508,0.4217119,1.49484289,0.16409876,0.413070284,1.194256328,0.721311475,0.196682464,2.961848341,0.947867299,1.369668246,3.183098592,68.8,-1.503,0.161528977,0.11837238,0.043156597,0.678175092,0.095272368,0.478181818,0.981211775,0.321824908,0.309135216,0.275862069,1.972460734,0.520345253,0.111106024,0.409952607,0.936051541,0.474722565,0.254821853,0.420779221,1.469993539
2021,Wisconsin,Big Ten,0.155575111,0.452408931,1.06013231,0.698795181,0.134935305,3.212754159,1.018484288,1.384473198,3.071428571,70.4,1.396,0.077555817,0.048178613,0.732079906,0.155596288,0.497592295,0.936570071,0.267920094,0.155517247,0.328947368,1.570856229,0.635722679,0.158052117,0.471349353,0.884777895,0.361927145,0.172171306,0.422077922,1.404096739,-0.00965375,0.31614654,1.264780496,0.720930233,0.202247191,2.167696629,0.575842697,0.407303371,2.87037037,72.3,-1.247,0.21302578,0.142469471,0.070556309,0.614654003,-0.119027158,0.353200883,0.981753843,0.385345997,0.164804537,0.257042254,1.885112886,0.483039349,-0.053597133,0.311797753,0.904191948,0.512890095,0.039611081,0.322751323,1.592856962
2021,Wyoming,Mountain West,0.21521204,0.440145103,1.232153326,0.774647887,0.152941176,3.21745098,1.133333333,1.617647059,3.793103448,71.9,1.268,0.085852479,0.058041112,0.68923821,0.165790151,0.514035088,1.019418591,0.31076179,0.32482479,0.276264591,2.110058641,0.61668682,0.218689335,0.464705882,1.029693188,0.38210399,0.2113276,0.401898734,1.60997264,0.152286479,0.409502262,1.243662889,0.725806452,0.135135135,3.278170478,1.124740125,1.363825364,3.2,66.4,-1.661,0.130090498,0.074660633,0.055429864,0.673076923,0.075436954,0.455462185,1.048714934,0.326923077,0.310506091,0.314878893,1.824222182,0.544117647,0.158573775,0.428274428,0.989789465,0.450226244,0.169966504,0.391959799,1.578905999
